name,date,location,type,region
Not Available,Not Available,Not Available,Not Available,Not Available
Not Available,Not Available,Not Available,Not Available,Not Available
Not Available,Not Available,Not Available,Not Available,Not Available
Not Available,Not Available,Not Available,Not Available,Not Available
Corteo,Now through 1/20/2024,Climate Pledge Arena,Theatre,Queen Anne / Seattle Center
Corteo,Now through 1/20/2024,Climate Pledge Arena,Theatre,Queen Anne / Seattle Center
Bewitcher,1/20/2024,Funhouse,Music,Capitol Hill / Central District
Bewitcher,1/20/2024,Funhouse,Music,Capitol Hill / Central District
burn burn burn,1/20/2024,Slim's Last Chance,Music,South Seattle
burn burn burn,1/20/2024,Slim's Last Chance,Music,South Seattle
Carly Ann Calbero,1/20/2024,The Royal Room,Music,South Seattle
Carly Ann Calbero,1/20/2024,The Royal Room,Music,South Seattle
El Primer Instinto,1/20/2024,El Corazon,Music,Downtown
El Primer Instinto,1/20/2024,El Corazon,Music,Downtown
Gary Janetti,1/20/2024,The Neptune Theatre,Theatre,University District
Gary Janetti,1/20/2024,The Neptune Theatre,Theatre,University District
Jammah,1/20/2024,Sea Monster Lounge,Music,Wallingford / Greenlake
Jammah,1/20/2024,Sea Monster Lounge,Music,Wallingford / Greenlake
Saturday Family Concert: The Harmonica Pocket,1/20/2024,Town Hall Seattle,Music,Downtown
Saturday Family Concert: The Harmonica Pocket,1/20/2024,Town Hall Seattle,Music,Downtown
Seattle Thunderbirds vs. Tri-City Americans,1/20/2024,accesso ShoWare Center,Sports,South
Seattle Thunderbirds vs. Tri-City Americans,1/20/2024,accesso ShoWare Center,Sports,South
Not Available,Not Available,Not Available,Not Available,Not Available
Not Available,Not Available,Not Available,Not Available,Not Available
Not Available,Not Available,Not Available,Not Available,Not Available
Not Available,Not Available,Not Available,Not Available,Not Available
Not Available,Not Available,Not Available,Not Available,Not Available
Not Available,Not Available,Not Available,Not Available,Not Available
Not Available,Not Available,Not Available,Not Available,Not Available
Not Available,Not Available,Not Available,Not Available,Not Available
Not Available,Not Available,Not Available,Not Available,Not Available
Not Available,Not Available,Not Available,Not Available,Not Available
"Hokusai: Inspiration and Influence, from The Collection of The Museum of Fine Arts, Boston",Now through 1/21/2024,Seattle Art Museum,Museums,Downtown
"Hokusai: Inspiration and Influence, from The Collection of The Museum of Fine Arts, Boston",Now through 1/21/2024,Seattle Art Museum,Museums,Downtown
An Evening with Chris Botti,Now through 1/21/2024,Dimitriou's Jazz Alley,Music,Downtown
An Evening with Chris Botti,Now through 1/21/2024,Dimitriou's Jazz Alley,Music,Downtown
Bluey’s Big Play,1/20/2024 through 1/21/2024,The Paramount Theatre,Theatre,Downtown
Bluey’s Big Play,1/20/2024 through 1/21/2024,The Paramount Theatre,Theatre,Downtown
Mike Birbiglia: Please Stop the Ride,1/20/2024 through 1/21/2024,The Moore Theatre,Theatre,Downtown
Mike Birbiglia: Please Stop the Ride,1/20/2024 through 1/21/2024,The Moore Theatre,Theatre,Downtown
Austin Plaine,1/21/2024,Funhouse,Music,Capitol Hill / Central District
Austin Plaine,1/21/2024,Funhouse,Music,Capitol Hill / Central District
Seattle Kraken vs. Toronto Maple Leafs,1/21/2024,Climate Pledge Arena,Sports,Queen Anne / Seattle Center
Seattle Kraken vs. Toronto Maple Leafs,1/21/2024,Climate Pledge Arena,Sports,Queen Anne / Seattle Center
Kate Alice Marshall,1/22/2024,Elliott Bay Book Company,Readings & Lectures,Capitol Hill / Central District
Kate Alice Marshall,1/22/2024,Elliott Bay Book Company,Readings & Lectures,Capitol Hill / Central District
Machine Head,1/22/2024,The Showbox,Music,Downtown
Machine Head,1/22/2024,The Showbox,Music,Downtown
Not Available,Not Available,Not Available,Not Available,Not Available
Silent Movie Mondays – Safety Last,1/22/2024,The Paramount Theatre,Film & Media Arts,Downtown
Silent Movie Mondays – Safety Last,1/22/2024,The Paramount Theatre,Film & Media Arts,Downtown
Not Available,Not Available,Not Available,Not Available,Not Available
Not Available,Not Available,Not Available,Not Available,Not Available
Not Available,Not Available,Not Available,Not Available,Not Available
Not Available,Not Available,Not Available,Not Available,Not Available
Not Available,Not Available,Not Available,Not Available,Not Available
Not Available,Not Available,Not Available,Not Available,Not Available
Not Available,Not Available,Not Available,Not Available,Not Available
Not Available,Not Available,Not Available,Not Available,Not Available
Not Available,Not Available,Not Available,Not Available,Not Available
Not Available,Not Available,Not Available,Not Available,Not Available
Not Available,Not Available,Not Available,Not Available,Not Available
Life on Thin Ice | National Geographic Live,1/22/2024 through 1/23/2024,Benaroya Hall,Readings & Lectures,Downtown
Life on Thin Ice | National Geographic Live,1/22/2024 through 1/23/2024,Benaroya Hall,Readings & Lectures,Downtown
Buck Meek,1/23/2024,The Crocodile,Music,Downtown
Buck Meek,1/23/2024,The Crocodile,Music,Downtown
Curator Tour: Joseph A. Witt Winter Garden,1/23/2024,Washington Park Arboretum,Tours & Attractions,University District
Curator Tour: Joseph A. Witt Winter Garden,1/23/2024,Washington Park Arboretum,Tours & Attractions,University District
Synthwave DJ Dance Party,1/23/2024,High Dive,Music,Fremont / Ballard
Synthwave DJ Dance Party,1/23/2024,High Dive,Music,Fremont / Ballard
Wiley from Atlanta,1/23/2024,Funhouse,Music,Capitol Hill / Central District
Wiley from Atlanta,1/23/2024,Funhouse,Music,Capitol Hill / Central District
Winter Reverb,1/23/2024,Chop Suey,Music,Capitol Hill / Central District
Winter Reverb,1/23/2024,Chop Suey,Music,Capitol Hill / Central District
Tribute to John Williams,Now through 1/24/2024,Benaroya Hall,Music,Downtown
Tribute to John Williams,Now through 1/24/2024,Benaroya Hall,Music,Downtown
Lakecia Benjamin and Phoenix,1/23/2024 through 1/24/2024,Dimitriou's Jazz Alley,Music,Downtown
Lakecia Benjamin and Phoenix,1/23/2024 through 1/24/2024,Dimitriou's Jazz Alley,Music,Downtown
Corey Harper,1/24/2024,Barboza,Music,Capitol Hill / Central District
Corey Harper,1/24/2024,Barboza,Music,Capitol Hill / Central District
Not Available,Not Available,Not Available,Not Available,Not Available
Not Available,Not Available,Not Available,Not Available,Not Available
Not Available,Not Available,Not Available,Not Available,Not Available
Not Available,Not Available,Not Available,Not Available,Not Available
Not Available,Not Available,Not Available,Not Available,Not Available
Not Available,Not Available,Not Available,Not Available,Not Available
Not Available,Not Available,Not Available,Not Available,Not Available
Not Available,Not Available,Not Available,Not Available,Not Available
Not Available,Not Available,Not Available,Not Available,Not Available
Not Available,Not Available,Not Available,Not Available,Not Available
Not Available,Not Available,Not Available,Not Available,Not Available
Not Available,Not Available,Not Available,Not Available,Not Available
DJ Shadow,1/24/2024,The Neptune Theatre,Music,University District
DJ Shadow,1/24/2024,The Neptune Theatre,Music,University District
Opera on Tap,1/24/2024,The Royal Room,Music,South Seattle
Opera on Tap,1/24/2024,The Royal Room,Music,South Seattle
PBS – Peter Band Supreme,1/24/2024,Sea Monster Lounge,Music,Wallingford / Greenlake
PBS – Peter Band Supreme,1/24/2024,Sea Monster Lounge,Music,Wallingford / Greenlake
Seattle Kraken vs. Chicago Blackhawks,1/24/2024,Climate Pledge Arena,Sports,Queen Anne / Seattle Center
Seattle Kraken vs. Chicago Blackhawks,1/24/2024,Climate Pledge Arena,Sports,Queen Anne / Seattle Center
Silent Planet,1/24/2024,El Corazon,Music,Downtown
Silent Planet,1/24/2024,El Corazon,Music,Downtown
Stuff You Should Know,1/24/2024,The Paramount Theatre,Theatre,Downtown
Stuff You Should Know,1/24/2024,The Paramount Theatre,Theatre,Downtown
The Cooking Gene,1/24/2024,Town Hall Seattle,Readings & Lectures,Downtown
The Cooking Gene,1/24/2024,Town Hall Seattle,Readings & Lectures,Downtown
Aryana Leon,1/25/2024,Barboza,Music,Capitol Hill / Central District
Aryana Leon,1/25/2024,Barboza,Music,Capitol Hill / Central District
Not Available,Not Available,Not Available,Not Available,Not Available
Colorworks,1/25/2024,Nectar Lounge,Music,Fremont / Ballard
Colorworks,1/25/2024,Nectar Lounge,Music,Fremont / Ballard
Not Available,Not Available,Not Available,Not Available,Not Available
Not Available,Not Available,Not Available,Not Available,Not Available
Not Available,Not Available,Not Available,Not Available,Not Available
Not Available,Not Available,Not Available,Not Available,Not Available
Not Available,Not Available,Not Available,Not Available,Not Available
Not Available,Not Available,Not Available,Not Available,Not Available
Not Available,Not Available,Not Available,Not Available,Not Available
Not Available,Not Available,Not Available,Not Available,Not Available
Not Available,Not Available,Not Available,Not Available,Not Available
Not Available,Not Available,Not Available,Not Available,Not Available
Not Available,Not Available,Not Available,Not Available,Not Available
Not Available,Not Available,Not Available,Not Available,Not Available
Not Available,Not Available,Not Available,Not Available,Not Available
Dar Williams,1/25/2024,The Neptune Theatre,Music,University District
Dar Williams,1/25/2024,The Neptune Theatre,Music,University District
Deb Perelman,1/25/2024,Town Hall Seattle,Readings & Lectures,Downtown
Deb Perelman,1/25/2024,Town Hall Seattle,Readings & Lectures,Downtown
Emanuel Brown,1/25/2024,Chop Suey,Music,Capitol Hill / Central District
Emanuel Brown,1/25/2024,Chop Suey,Music,Capitol Hill / Central District
James Miles,1/25/2024,Town Hall Seattle,Readings & Lectures,Downtown
James Miles,1/25/2024,Town Hall Seattle,Readings & Lectures,Downtown
Madeline Pendleton,1/25/2024,Elliott Bay Book Company,Readings & Lectures,Capitol Hill / Central District
Madeline Pendleton,1/25/2024,Elliott Bay Book Company,Readings & Lectures,Capitol Hill / Central District
October London,1/25/2024,The Showbox,Music,Downtown
October London,1/25/2024,The Showbox,Music,Downtown
Not Available,Not Available,Not Available,Not Available,Not Available
Tacoma Stars vs. Empire Strykers,1/25/2024,accesso ShoWare Center,Sports,South
Tacoma Stars vs. Empire Strykers,1/25/2024,accesso ShoWare Center,Sports,South
Dungeons and Drag Queens,1/26/2024,The Crocodile,Theatre,Downtown
Dungeons and Drag Queens,1/26/2024,The Crocodile,Theatre,Downtown
Global Rhythms: Yungchen Lhamo,1/26/2024,Town Hall Seattle,Music,Downtown
Global Rhythms: Yungchen Lhamo,1/26/2024,Town Hall Seattle,Music,Downtown
Not Available,Not Available,Not Available,Not Available,Not Available
Not Available,Not Available,Not Available,Not Available,Not Available
Not Available,Not Available,Not Available,Not Available,Not Available
Not Available,Not Available,Not Available,Not Available,Not Available
Not Available,Not Available,Not Available,Not Available,Not Available
Not Available,Not Available,Not Available,Not Available,Not Available
Not Available,Not Available,Not Available,Not Available,Not Available
Not Available,Not Available,Not Available,Not Available,Not Available
Not Available,Not Available,Not Available,Not Available,Not Available
Not Available,Not Available,Not Available,Not Available,Not Available
Not Available,Not Available,Not Available,Not Available,Not Available
Not Available,Not Available,Not Available,Not Available,Not Available
Harlem Globetrotters 2024 World Tour –,1/26/2024,accesso ShoWare Center,Sports,South
Harlem Globetrotters 2024 World Tour –,1/26/2024,accesso ShoWare Center,Sports,South
Not Available,Not Available,Not Available,Not Available,Not Available
Seattle Kraken vs. St. Louis Blues,1/26/2024,Climate Pledge Arena,Sports,Queen Anne / Seattle Center
Seattle Kraken vs. St. Louis Blues,1/26/2024,Climate Pledge Arena,Sports,Queen Anne / Seattle Center
Shelf Nunny,1/26/2024,Barboza,Music,Capitol Hill / Central District
Shelf Nunny,1/26/2024,Barboza,Music,Capitol Hill / Central District
Not Available,Not Available,Not Available,Not Available,Not Available
Super Diamond – The Neil Diamond Tribute Band,1/26/2024,The Showbox,Music,Downtown
Super Diamond – The Neil Diamond Tribute Band,1/26/2024,The Showbox,Music,Downtown
Not Available,Not Available,Not Available,Not Available,Not Available
The Disorderlies,1/26/2024,Slim's Last Chance,Music,South Seattle
The Disorderlies,1/26/2024,Slim's Last Chance,Music,South Seattle
Compania Nacional de Danza,1/25/2024 through 1/27/2024,Meany Center for the Performing Arts,Dance,University District
Compania Nacional de Danza,1/25/2024 through 1/27/2024,Meany Center for the Performing Arts,Dance,University District
Metropolis,1/25/2024 through 1/27/2024,Benaroya Hall,Music,Downtown
Metropolis,1/25/2024 through 1/27/2024,Benaroya Hall,Music,Downtown
Andy Coe Band,1/26/2024 through 1/27/2024,Nectar Lounge,Music,Fremont / Ballard
Andy Coe Band,1/26/2024 through 1/27/2024,Nectar Lounge,Music,Fremont / Ballard
Not Available,Not Available,Not Available,Not Available,Not Available
Harlem Globetrotters,1/27/2024,Climate Pledge Arena,Sports,Queen Anne / Seattle Center
Harlem Globetrotters,1/27/2024,Climate Pledge Arena,Sports,Queen Anne / Seattle Center
Not Available,Not Available,Not Available,Not Available,Not Available
Not Available,Not Available,Not Available,Not Available,Not Available
Not Available,Not Available,Not Available,Not Available,Not Available
Not Available,Not Available,Not Available,Not Available,Not Available
Not Available,Not Available,Not Available,Not Available,Not Available
Not Available,Not Available,Not Available,Not Available,Not Available
Not Available,Not Available,Not Available,Not Available,Not Available
Not Available,Not Available,Not Available,Not Available,Not Available
Not Available,Not Available,Not Available,Not Available,Not Available
Not Available,Not Available,Not Available,Not Available,Not Available
Not Available,Not Available,Not Available,Not Available,Not Available
Not Available,Not Available,Not Available,Not Available,Not Available
Seattle Thunderbirds vs. Everett Silvertips,1/27/2024,accesso ShoWare Center,Sports,South
Seattle Thunderbirds vs. Everett Silvertips,1/27/2024,accesso ShoWare Center,Sports,South
The Budos Band,1/27/2024,The Showbox,Music,Downtown
The Budos Band,1/27/2024,The Showbox,Music,Downtown
Not Available,Not Available,Not Available,Not Available,Not Available
The Human Family,1/27/2024,Opera Center,Music,Queen Anne / Seattle Center
The Human Family,1/27/2024,Opera Center,Music,Queen Anne / Seattle Center
Steinunn Porarinsdottir: Wayfinders,Now through 1/28/2024,National Nordic Museum,Museums,Fremont / Ballard
Steinunn Porarinsdottir: Wayfinders,Now through 1/28/2024,National Nordic Museum,Museums,Fremont / Ballard
Hanako O’Leary: Izanami,Now through 1/28/2024,Frye Art Museum,Museums,Capitol Hill / Central District
Hanako O’Leary: Izanami,Now through 1/28/2024,Frye Art Museum,Museums,Capitol Hill / Central District
Gage Alumni Show,Now through 1/28/2024,Fountainhead Gallery,Visual Arts & Galleries,Queen Anne / Seattle Center
Gage Alumni Show,Now through 1/28/2024,Fountainhead Gallery,Visual Arts & Galleries,Queen Anne / Seattle Center
Bohemia,Now through 1/28/2024,The Triple Door,Theatre,Downtown
Bohemia,Now through 1/28/2024,The Triple Door,Theatre,Downtown
Not Available,Not Available,Not Available,Not Available,Not Available
Lee Ritenour and Dave Grusin,1/25/2024 through 1/28/2024,Dimitriou's Jazz Alley,Music,Downtown
Lee Ritenour and Dave Grusin,1/25/2024 through 1/28/2024,Dimitriou's Jazz Alley,Music,Downtown
Celebrate Asia,1/28/2024,Benaroya Hall,Music,Downtown
Celebrate Asia,1/28/2024,Benaroya Hall,Music,Downtown
Not Available,Not Available,Not Available,Not Available,Not Available
Not Available,Not Available,Not Available,Not Available,Not Available
Not Available,Not Available,Not Available,Not Available,Not Available
Not Available,Not Available,Not Available,Not Available,Not Available
Not Available,Not Available,Not Available,Not Available,Not Available
Not Available,Not Available,Not Available,Not Available,Not Available
Not Available,Not Available,Not Available,Not Available,Not Available
Not Available,Not Available,Not Available,Not Available,Not Available
Not Available,Not Available,Not Available,Not Available,Not Available
Not Available,Not Available,Not Available,Not Available,Not Available
Not Available,Not Available,Not Available,Not Available,Not Available
Not Available,Not Available,Not Available,Not Available,Not Available
Family Day with Birds Connect Seattle,1/28/2024,National Nordic Museum,Museums,Fremont / Ballard
Family Day with Birds Connect Seattle,1/28/2024,National Nordic Museum,Museums,Fremont / Ballard
Not Available,Not Available,Not Available,Not Available,Not Available
Seattle Kraken vs. Columbus Blue Jackets,1/28/2024,Climate Pledge Arena,Sports,Queen Anne / Seattle Center
Seattle Kraken vs. Columbus Blue Jackets,1/28/2024,Climate Pledge Arena,Sports,Queen Anne / Seattle Center
Tacoma Stars vs. San Diego Sockers,1/28/2024,accesso ShoWare Center,Sports,South
Tacoma Stars vs. San Diego Sockers,1/28/2024,accesso ShoWare Center,Sports,South
Adira Sharkey,1/29/2024,Tractor Tavern,Music,Fremont / Ballard
Adira Sharkey,1/29/2024,Tractor Tavern,Music,Fremont / Ballard
"Car, The Garden",1/29/2024,The Crocodile,Music,Downtown
"Car, The Garden",1/29/2024,The Crocodile,Music,Downtown
Cheryl Wheeler,1/30/2024,The Triple Door,Music,Downtown
Cheryl Wheeler,1/30/2024,The Triple Door,Music,Downtown
Not Available,Not Available,Not Available,Not Available,Not Available
Giantish,1/30/2024,High Dive,Music,Fremont / Ballard
Giantish,1/30/2024,High Dive,Music,Fremont / Ballard
Seattle Thunderbirds vs. Prince George Cougars,1/30/2024,accesso ShoWare Center,Sports,South
Seattle Thunderbirds vs. Prince George Cougars,1/30/2024,accesso ShoWare Center,Sports,South
A/political Rocks,Now through 1/31/2024,Henry Art Gallery,Museums,University District
A/political Rocks,Now through 1/31/2024,Henry Art Gallery,Museums,University District
Not Available,Not Available,Not Available,Not Available,Not Available
Not Available,Not Available,Not Available,Not Available,Not Available
Not Available,Not Available,Not Available,Not Available,Not Available
Not Available,Not Available,Not Available,Not Available,Not Available
Not Available,Not Available,Not Available,Not Available,Not Available
Not Available,Not Available,Not Available,Not Available,Not Available
Not Available,Not Available,Not Available,Not Available,Not Available
Not Available,Not Available,Not Available,Not Available,Not Available
Not Available,Not Available,Not Available,Not Available,Not Available
Not Available,Not Available,Not Available,Not Available,Not Available
Not Available,Not Available,Not Available,Not Available,Not Available
Not Available,Not Available,Not Available,Not Available,Not Available
Sophia Al-Maria,Now through 1/31/2024,Henry Art Gallery,Museums,University District
Sophia Al-Maria,Now through 1/31/2024,Henry Art Gallery,Museums,University District
Jahari Stampley,1/30/2024 through 1/31/2024,Dimitriou's Jazz Alley,Music,Downtown
Jahari Stampley,1/30/2024 through 1/31/2024,Dimitriou's Jazz Alley,Music,Downtown
FRAKTURED: Home of the Broken Beat,1/31/2024,High Dive,Music,Fremont / Ballard
FRAKTURED: Home of the Broken Beat,1/31/2024,High Dive,Music,Fremont / Ballard
G3- 25th Anniversary reunion,1/31/2024,The Moore Theatre,Music,Downtown
G3- 25th Anniversary reunion,1/31/2024,The Moore Theatre,Music,Downtown
JP Saxe,1/31/2024,The Showbox,Music,Downtown
JP Saxe,1/31/2024,The Showbox,Music,Downtown
Not Available,Not Available,Not Available,Not Available,Not Available
Los Lobos,1/31/2024,The Triple Door,Music,Downtown
Los Lobos,1/31/2024,The Triple Door,Music,Downtown
BabyTron,2/1/2024,The Showbox,Music,Downtown
BabyTron,2/1/2024,The Showbox,Music,Downtown
Not Available,Not Available,Not Available,Not Available,Not Available
Catalyzing Change with Akuyea Karen Vargas,2/1/2024,Bainbridge Island Museum of Art,Readings & Lectures,West
Catalyzing Change with Akuyea Karen Vargas,2/1/2024,Bainbridge Island Museum of Art,Readings & Lectures,West
Jamila Woods,2/1/2024,Neumos,Music,Capitol Hill / Central District
Jamila Woods,2/1/2024,Neumos,Music,Capitol Hill / Central District
Not Available,Not Available,Not Available,Not Available,Not Available
Not Available,Not Available,Not Available,Not Available,Not Available
Not Available,Not Available,Not Available,Not Available,Not Available
Not Available,Not Available,Not Available,Not Available,Not Available
Not Available,Not Available,Not Available,Not Available,Not Available
Not Available,Not Available,Not Available,Not Available,Not Available
Not Available,Not Available,Not Available,Not Available,Not Available
Not Available,Not Available,Not Available,Not Available,Not Available
Not Available,Not Available,Not Available,Not Available,Not Available
Not Available,Not Available,Not Available,Not Available,Not Available
Not Available,Not Available,Not Available,Not Available,Not Available
Not Available,Not Available,Not Available,Not Available,Not Available
Not Available,Not Available,Not Available,Not Available,Not Available
Jazz is Dead: Blue Note 85,2/1/2024,The Neptune Theatre,Music,University District
Jazz is Dead: Blue Note 85,2/1/2024,The Neptune Theatre,Music,University District
Michelle Cann,2/1/2024,Meany Center for the Performing Arts,Music,University District
Michelle Cann,2/1/2024,Meany Center for the Performing Arts,Music,University District
Pakt,2/1/2024,Funhouse,Music,Capitol Hill / Central District
Pakt,2/1/2024,Funhouse,Music,Capitol Hill / Central District
Erik Walters,2/2/2024,Barboza,Music,Capitol Hill / Central District
Erik Walters,2/2/2024,Barboza,Music,Capitol Hill / Central District
Not Available,Not Available,Not Available,Not Available,Not Available
Memoir,2/2/2024,Benaroya Hall,Music,Downtown
Memoir,2/2/2024,Benaroya Hall,Music,Downtown
Nora En Pure,2/2/2024,Showbox SoDo,Music,Pioneer Square
Nora En Pure,2/2/2024,Showbox SoDo,Music,Pioneer Square
Not Available,Not Available,Not Available,Not Available,Not Available
Poolside,2/2/2024,The Showbox,Music,Downtown
Poolside,2/2/2024,The Showbox,Music,Downtown
Not Available,Not Available,Not Available,Not Available,Not Available
Tacoma Stars vs. Monterrey Flash,2/2/2024,accesso ShoWare Center,Sports,South
Tacoma Stars vs. Monterrey Flash,2/2/2024,accesso ShoWare Center,Sports,South
Jaha Koo: The History of Korean Western Theatre,2/1/2024 through 2/3/2024,On The Boards,Theatre,Queen Anne / Seattle Center
Jaha Koo: The History of Korean Western Theatre,2/1/2024 through 2/3/2024,On The Boards,Theatre,Queen Anne / Seattle Center
Not Available,Not Available,Not Available,Not Available,Not Available
Not Available,Not Available,Not Available,Not Available,Not Available
Not Available,Not Available,Not Available,Not Available,Not Available
Not Available,Not Available,Not Available,Not Available,Not Available
Not Available,Not Available,Not Available,Not Available,Not Available
Not Available,Not Available,Not Available,Not Available,Not Available
Not Available,Not Available,Not Available,Not Available,Not Available
Not Available,Not Available,Not Available,Not Available,Not Available
Not Available,Not Available,Not Available,Not Available,Not Available
Not Available,Not Available,Not Available,Not Available,Not Available
Not Available,Not Available,Not Available,Not Available,Not Available
Not Available,Not Available,Not Available,Not Available,Not Available
The Winds: Medley of Emotions,2/2/2024 through 2/3/2024,Benaroya Hall,Music,Downtown
The Winds: Medley of Emotions,2/2/2024 through 2/3/2024,Benaroya Hall,Music,Downtown
All Will Suffer,2/3/2024,Funhouse,Music,Capitol Hill / Central District
All Will Suffer,2/3/2024,Funhouse,Music,Capitol Hill / Central District
Cold War Kids – 20 Years Tour,2/3/2024,The Moore Theatre,Music,Downtown
Cold War Kids – 20 Years Tour,2/3/2024,The Moore Theatre,Music,Downtown
Mau P,2/3/2024,The Showbox,Music,Downtown
Mau P,2/3/2024,The Showbox,Music,Downtown
Not Available,Not Available,Not Available,Not Available,Not Available
Randy Rainbow for President,2/3/2024,The Paramount Theatre,Theatre,Downtown
Randy Rainbow for President,2/3/2024,The Paramount Theatre,Theatre,Downtown
The Delta Bombers,2/3/2024,El Corazon,Music,Downtown
The Delta Bombers,2/3/2024,El Corazon,Music,Downtown
Seattle Chamber Music Winter Festival,1/26/2024 through 2/4/2024,Benaroya Hall,Music,Downtown
Seattle Chamber Music Winter Festival,1/26/2024 through 2/4/2024,Benaroya Hall,Music,Downtown
Beethoven Emperor Concerto,2/1/2024 through 2/4/2024,Benaroya Hall,Music,Downtown
Beethoven Emperor Concerto,2/1/2024 through 2/4/2024,Benaroya Hall,Music,Downtown
Sergio Mendes,2/1/2024 through 2/4/2024,Dimitriou's Jazz Alley,Music,Downtown
Sergio Mendes,2/1/2024 through 2/4/2024,Dimitriou's Jazz Alley,Music,Downtown
Not Available,Not Available,Not Available,Not Available,Not Available
Not Available,Not Available,Not Available,Not Available,Not Available
Not Available,Not Available,Not Available,Not Available,Not Available
Not Available,Not Available,Not Available,Not Available,Not Available
Not Available,Not Available,Not Available,Not Available,Not Available
Not Available,Not Available,Not Available,Not Available,Not Available
Not Available,Not Available,Not Available,Not Available,Not Available
Not Available,Not Available,Not Available,Not Available,Not Available
Not Available,Not Available,Not Available,Not Available,Not Available
Not Available,Not Available,Not Available,Not Available,Not Available
Not Available,Not Available,Not Available,Not Available,Not Available
Not Available,Not Available,Not Available,Not Available,Not Available
Daniel Tiger’s Neighborhood,2/4/2024,The Paramount Theatre,Theatre,Downtown
Daniel Tiger’s Neighborhood,2/4/2024,The Paramount Theatre,Theatre,Downtown
Lil Skies,2/4/2024,The Showbox,Music,Downtown
Lil Skies,2/4/2024,The Showbox,Music,Downtown
Not Available,Not Available,Not Available,Not Available,Not Available
Criminal,2/5/2024,The Moore Theatre,Theatre,Downtown
Criminal,2/5/2024,The Moore Theatre,Theatre,Downtown
Neck Deep,2/5/2024,Showbox SoDo,Music,Pioneer Square
Neck Deep,2/5/2024,Showbox SoDo,Music,Pioneer Square
Not Available,Not Available,Not Available,Not Available,Not Available
Kazu Kibuishi with Donna Barba Higuera,2/6/2024,Town Hall Seattle,Readings & Lectures,Downtown
Kazu Kibuishi with Donna Barba Higuera,2/6/2024,Town Hall Seattle,Readings & Lectures,Downtown
Night Lovell,2/6/2024,The Showbox,Music,Downtown
Night Lovell,2/6/2024,The Showbox,Music,Downtown
Not Available,Not Available,Not Available,Not Available,Not Available
Soja,2/6/2024,The Neptune Theatre,Music,University District
Soja,2/6/2024,The Neptune Theatre,Music,University District
Kenny Barron Trio,2/6/2024 through 2/7/2024,Dimitriou's Jazz Alley,Music,Downtown
Kenny Barron Trio,2/6/2024 through 2/7/2024,Dimitriou's Jazz Alley,Music,Downtown
Tamara Payne: The Life and Legacy of Malcolm X,2/7/2024,Town Hall Seattle,Readings & Lectures,Downtown
Tamara Payne: The Life and Legacy of Malcolm X,2/7/2024,Town Hall Seattle,Readings & Lectures,Downtown
Not Available,Not Available,Not Available,Not Available,Not Available
Not Available,Not Available,Not Available,Not Available,Not Available
Not Available,Not Available,Not Available,Not Available,Not Available
Not Available,Not Available,Not Available,Not Available,Not Available
Not Available,Not Available,Not Available,Not Available,Not Available
Not Available,Not Available,Not Available,Not Available,Not Available
Not Available,Not Available,Not Available,Not Available,Not Available
Not Available,Not Available,Not Available,Not Available,Not Available
Not Available,Not Available,Not Available,Not Available,Not Available
Not Available,Not Available,Not Available,Not Available,Not Available
Not Available,Not Available,Not Available,Not Available,Not Available
Not Available,Not Available,Not Available,Not Available,Not Available
The Kills,2/7/2024,Showbox SoDo,Music,Pioneer Square
The Kills,2/7/2024,Showbox SoDo,Music,Pioneer Square
Not Available,Not Available,Not Available,Not Available,Not Available
An Evening with Tina Campt: Black Feminist Visual Culture,2/8/2024,Town Hall Seattle,Readings & Lectures,Downtown
An Evening with Tina Campt: Black Feminist Visual Culture,2/8/2024,Town Hall Seattle,Readings & Lectures,Downtown
Art and Transformation,2/8/2024,Bainbridge Island Museum of Art,Readings & Lectures,West
Art and Transformation,2/8/2024,Bainbridge Island Museum of Art,Readings & Lectures,West
Eric Bellinger,2/8/2024,The Showbox,Music,Downtown
Eric Bellinger,2/8/2024,The Showbox,Music,Downtown
Not Available,Not Available,Not Available,Not Available,Not Available
Futurebirds and Nude Party,2/8/2024,The Neptune Theatre,Music,University District
Futurebirds and Nude Party,2/8/2024,The Neptune Theatre,Music,University District
Ilana Glazer Live,2/8/2024,The Moore Theatre,Theatre,Downtown
Ilana Glazer Live,2/8/2024,The Moore Theatre,Theatre,Downtown
Mister Blank,2/8/2024,Nectar Lounge,Music,Fremont / Ballard
Mister Blank,2/8/2024,Nectar Lounge,Music,Fremont / Ballard
Not Available,Not Available,Not Available,Not Available,Not Available
The Thorn,2/8/2024 through 2/9/2024,The Paramount Theatre,Theatre,Downtown
The Thorn,2/8/2024 through 2/9/2024,The Paramount Theatre,Theatre,Downtown
Barry Can’t Swim,2/9/2024,Neumos,Music,Capitol Hill / Central District
Barry Can’t Swim,2/9/2024,Neumos,Music,Capitol Hill / Central District
Not Available,Not Available,Not Available,Not Available,Not Available
Not Available,Not Available,Not Available,Not Available,Not Available
Not Available,Not Available,Not Available,Not Available,Not Available
Not Available,Not Available,Not Available,Not Available,Not Available
Not Available,Not Available,Not Available,Not Available,Not Available
Not Available,Not Available,Not Available,Not Available,Not Available
Not Available,Not Available,Not Available,Not Available,Not Available
Not Available,Not Available,Not Available,Not Available,Not Available
Not Available,Not Available,Not Available,Not Available,Not Available
Not Available,Not Available,Not Available,Not Available,Not Available
Not Available,Not Available,Not Available,Not Available,Not Available
Not Available,Not Available,Not Available,Not Available,Not Available
Not Available,Not Available,Not Available,Not Available,Not Available
Dark Star Orchestra,2/9/2024,The Showbox,Music,Downtown
Dark Star Orchestra,2/9/2024,The Showbox,Music,Downtown
Not Available,Not Available,Not Available,Not Available,Not Available
Gov’t Mule,2/9/2024,The Moore Theatre,Music,Downtown
Gov’t Mule,2/9/2024,The Moore Theatre,Music,Downtown
Mayer Hawthorne,2/9/2024,The Neptune Theatre,Music,University District
Mayer Hawthorne,2/9/2024,The Neptune Theatre,Music,University District
Moontricks,2/9/2024,The Crocodile,Music,Downtown
Moontricks,2/9/2024,The Crocodile,Music,Downtown
OBOE / OBOE,2/9/2024,415 Westlake,Music,Queen Anne / Seattle Center
OBOE / OBOE,2/9/2024,415 Westlake,Music,Queen Anne / Seattle Center
Seattle Boat Show,2/2/2024 through 2/10/2024,Lumen Field,Festivals & Special Events,Pioneer Square
Seattle Boat Show,2/2/2024 through 2/10/2024,Lumen Field,Festivals & Special Events,Pioneer Square
Randall Goosby Plays Mozart,2/8/2024 through 2/10/2024,Benaroya Hall,Music,Downtown
Randall Goosby Plays Mozart,2/8/2024 through 2/10/2024,Benaroya Hall,Music,Downtown
Art by Design,2/9/2024 through 2/10/2024,Seattle Design Center,Visual Arts & Galleries,Downtown
Art by Design,2/9/2024 through 2/10/2024,Seattle Design Center,Visual Arts & Galleries,Downtown
Brazilian Carnaval 2024,2/10/2024,The Crocodile,Music,Downtown
Brazilian Carnaval 2024,2/10/2024,The Crocodile,Music,Downtown
Not Available,Not Available,Not Available,Not Available,Not Available
Not Available,Not Available,Not Available,Not Available,Not Available
Not Available,Not Available,Not Available,Not Available,Not Available
Not Available,Not Available,Not Available,Not Available,Not Available
Not Available,Not Available,Not Available,Not Available,Not Available
Not Available,Not Available,Not Available,Not Available,Not Available
Not Available,Not Available,Not Available,Not Available,Not Available
Not Available,Not Available,Not Available,Not Available,Not Available
Not Available,Not Available,Not Available,Not Available,Not Available
Not Available,Not Available,Not Available,Not Available,Not Available
Not Available,Not Available,Not Available,Not Available,Not Available
Not Available,Not Available,Not Available,Not Available,Not Available
Chase Rice,2/10/2024,Showbox SoDo,Music,Pioneer Square
Chase Rice,2/10/2024,Showbox SoDo,Music,Pioneer Square
Not Available,Not Available,Not Available,Not Available,Not Available
Joe “Mr. D”  Dombrowski,2/10/2024,The Moore Theatre,Theatre,Downtown
Joe “Mr. D”  Dombrowski,2/10/2024,The Moore Theatre,Theatre,Downtown
JVNA,2/10/2024,The Showbox,Music,Downtown
JVNA,2/10/2024,The Showbox,Music,Downtown
Not Available,Not Available,Not Available,Not Available,Not Available
The Temptations &  The Four Tops,2/10/2024,The Paramount Theatre,Music,Downtown
The Temptations &  The Four Tops,2/10/2024,The Paramount Theatre,Music,Downtown
Quixote Nuevo,Now through 2/11/2024,Seattle Rep,Theatre,Queen Anne / Seattle Center
Quixote Nuevo,Now through 2/11/2024,Seattle Rep,Theatre,Queen Anne / Seattle Center
Kent Stowell’s Swan Lake,2/2/2024 through 2/11/2024,Marion Oliver McCaw Hall,Dance,Queen Anne / Seattle Center
Kent Stowell’s Swan Lake,2/2/2024 through 2/11/2024,Marion Oliver McCaw Hall,Dance,Queen Anne / Seattle Center
Blood Sweat  and Tears,2/8/2024 through 2/11/2024,Dimitriou's Jazz Alley,Music,Downtown
Blood Sweat  and Tears,2/8/2024 through 2/11/2024,Dimitriou's Jazz Alley,Music,Downtown
Love at the Zoo,2/10/2024 through 2/11/2024,Point Defiance Zoo and Aquarium,Festivals & Special Events,South
Love at the Zoo,2/10/2024 through 2/11/2024,Point Defiance Zoo and Aquarium,Festivals & Special Events,South
Scott Bradlee’s Postmodern Jukebox,2/11/2024,The Paramount Theatre,Music,Downtown
Scott Bradlee’s Postmodern Jukebox,2/11/2024,The Paramount Theatre,Music,Downtown
Not Available,Not Available,Not Available,Not Available,Not Available
Not Available,Not Available,Not Available,Not Available,Not Available
Not Available,Not Available,Not Available,Not Available,Not Available
Not Available,Not Available,Not Available,Not Available,Not Available
Not Available,Not Available,Not Available,Not Available,Not Available
Not Available,Not Available,Not Available,Not Available,Not Available
Not Available,Not Available,Not Available,Not Available,Not Available
Not Available,Not Available,Not Available,Not Available,Not Available
Not Available,Not Available,Not Available,Not Available,Not Available
Not Available,Not Available,Not Available,Not Available,Not Available
Not Available,Not Available,Not Available,Not Available,Not Available
Not Available,Not Available,Not Available,Not Available,Not Available
Tourist and Amtrac,2/11/2024,The Showbox,Music,Downtown
Tourist and Amtrac,2/11/2024,The Showbox,Music,Downtown
Not Available,Not Available,Not Available,Not Available,Not Available
Eliades Ochoa,2/13/2024,The Moore Theatre,Music,Downtown
Eliades Ochoa,2/13/2024,The Moore Theatre,Music,Downtown
K. Wayne Yang,2/13/2024,Town Hall Seattle,Readings & Lectures,Downtown
K. Wayne Yang,2/13/2024,Town Hall Seattle,Readings & Lectures,Downtown
Maddie Zahm,2/15/2024,The Neptune Theatre,Music,University District
Maddie Zahm,2/15/2024,The Neptune Theatre,Music,University District
Cory Wong Winter 2024 Tour,2/16/2024,The Paramount Theatre,Music,Downtown
Cory Wong Winter 2024 Tour,2/16/2024,The Paramount Theatre,Music,Downtown
Circa:Humans 2.0,2/15/2024 through 2/17/2024,Meany Center for the Performing Arts,Theatre,University District
Circa:Humans 2.0,2/15/2024 through 2/17/2024,Meany Center for the Performing Arts,Theatre,University District
Jon Batiste,2/17/2024,The Paramount Theatre,Music,Downtown
Jon Batiste,2/17/2024,The Paramount Theatre,Music,Downtown
TobyMac Hits Deep 2024,2/17/2024,accesso ShoWare Center,Music,South
TobyMac Hits Deep 2024,2/17/2024,accesso ShoWare Center,Music,South
Not Available,Not Available,Not Available,Not Available,Not Available
A Case for the Existence of God,2/2/2024 through 2/18/2024,ACT Theatre,Theatre,Downtown
A Case for the Existence of God,2/2/2024 through 2/18/2024,ACT Theatre,Theatre,Downtown
Not Available,Not Available,Not Available,Not Available,Not Available
Not Available,Not Available,Not Available,Not Available,Not Available
Not Available,Not Available,Not Available,Not Available,Not Available
Not Available,Not Available,Not Available,Not Available,Not Available
Not Available,Not Available,Not Available,Not Available,Not Available
Not Available,Not Available,Not Available,Not Available,Not Available
Not Available,Not Available,Not Available,Not Available,Not Available
Not Available,Not Available,Not Available,Not Available,Not Available
Not Available,Not Available,Not Available,Not Available,Not Available
Not Available,Not Available,Not Available,Not Available,Not Available
Not Available,Not Available,Not Available,Not Available,Not Available
Not Available,Not Available,Not Available,Not Available,Not Available
Northwest Flower & Garden Festival,2/14/2024 through 2/18/2024,Seattle Convention Center,Festivals & Special Events,Downtown
Northwest Flower & Garden Festival,2/14/2024 through 2/18/2024,Seattle Convention Center,Festivals & Special Events,Downtown
The Princess Bride in Concert with the Seattle Symphony,2/14/2024 through 2/18/2024,Benaroya Hall,Music,Downtown
The Princess Bride in Concert with the Seattle Symphony,2/14/2024 through 2/18/2024,Benaroya Hall,Music,Downtown
Mindi Abair Wine and Jazz Tour 2024,2/15/2024 through 2/18/2024,Dimitriou's Jazz Alley,Music,Downtown
Mindi Abair Wine and Jazz Tour 2024,2/15/2024 through 2/18/2024,Dimitriou's Jazz Alley,Music,Downtown
Madonna,2/17/2024 through 2/18/2024,Climate Pledge Arena,Music,Queen Anne / Seattle Center
Madonna,2/17/2024 through 2/18/2024,Climate Pledge Arena,Music,Queen Anne / Seattle Center
"Meet the Author: Maggie Taft, The Chieftain and the Chair",2/18/2024,National Nordic Museum,Museums,Fremont / Ballard
"Meet the Author: Maggie Taft, The Chieftain and the Chair",2/18/2024,National Nordic Museum,Museums,Fremont / Ballard
Not Available,Not Available,Not Available,Not Available,Not Available
Seattle Kraken vs. Detroit Red Wings,2/19/2024,Climate Pledge Arena,Sports,Queen Anne / Seattle Center
Seattle Kraken vs. Detroit Red Wings,2/19/2024,Climate Pledge Arena,Sports,Queen Anne / Seattle Center
From Mozart to Matthews,2/20/2024,Benaroya Hall,Music,Downtown
From Mozart to Matthews,2/20/2024,Benaroya Hall,Music,Downtown
Lukas Nelson,2/20/2024,The Showbox,Music,Downtown
Lukas Nelson,2/20/2024,The Showbox,Music,Downtown
Not Available,Not Available,Not Available,Not Available,Not Available
Mahogany – smARTfilms: Black Luxury,2/20/2024,Bainbridge Island Museum of Art,Film & Media Arts,West
Mahogany – smARTfilms: Black Luxury,2/20/2024,Bainbridge Island Museum of Art,Film & Media Arts,West
Not Available,Not Available,Not Available,Not Available,Not Available
Not Available,Not Available,Not Available,Not Available,Not Available
Not Available,Not Available,Not Available,Not Available,Not Available
Not Available,Not Available,Not Available,Not Available,Not Available
Not Available,Not Available,Not Available,Not Available,Not Available
Not Available,Not Available,Not Available,Not Available,Not Available
Not Available,Not Available,Not Available,Not Available,Not Available
Not Available,Not Available,Not Available,Not Available,Not Available
Not Available,Not Available,Not Available,Not Available,Not Available
Not Available,Not Available,Not Available,Not Available,Not Available
Not Available,Not Available,Not Available,Not Available,Not Available
Not Available,Not Available,Not Available,Not Available,Not Available
"Wu Han, Philip Setzer & David Finckel",2/20/2024,Meany Center for the Performing Arts,Music,University District
"Wu Han, Philip Setzer & David Finckel",2/20/2024,Meany Center for the Performing Arts,Music,University District
The Cookers,2/20/2024 through 2/21/2024,Dimitriou's Jazz Alley,Music,Downtown
The Cookers,2/20/2024 through 2/21/2024,Dimitriou's Jazz Alley,Music,Downtown
Side-by-Side with Seattle Youth Symphony Orchestra,2/21/2024,Benaroya Hall,Music,Downtown
Side-by-Side with Seattle Youth Symphony Orchestra,2/21/2024,Benaroya Hall,Music,Downtown
Seattle Kraken vs. Vancouver Canucks,2/22/2024,Climate Pledge Arena,Sports,Queen Anne / Seattle Center
Seattle Kraken vs. Vancouver Canucks,2/22/2024,Climate Pledge Arena,Sports,Queen Anne / Seattle Center
Funky Friday with F2D,Now through 2/23/2024,Sea Monster Lounge,Music,Wallingford / Greenlake
Funky Friday with F2D,Now through 2/23/2024,Sea Monster Lounge,Music,Wallingford / Greenlake
BLACKSTAR SYMPHONY: The Music of David Bowie,2/23/2024,Benaroya Hall,Music,Downtown
BLACKSTAR SYMPHONY: The Music of David Bowie,2/23/2024,Benaroya Hall,Music,Downtown
Opera Talk: The Making of X,2/23/2024,Opera Center,Readings & Lectures,Queen Anne / Seattle Center
Opera Talk: The Making of X,2/23/2024,Opera Center,Readings & Lectures,Queen Anne / Seattle Center
Wreckno,2/23/2024,The Showbox,Music,Downtown
Wreckno,2/23/2024,The Showbox,Music,Downtown
Not Available,Not Available,Not Available,Not Available,Not Available
Kelly Akashi,Now through 2/24/2024,Henry Art Gallery,Museums,University District
Kelly Akashi,Now through 2/24/2024,Henry Art Gallery,Museums,University District
Not Available,Not Available,Not Available,Not Available,Not Available
Not Available,Not Available,Not Available,Not Available,Not Available
Not Available,Not Available,Not Available,Not Available,Not Available
Not Available,Not Available,Not Available,Not Available,Not Available
Not Available,Not Available,Not Available,Not Available,Not Available
Not Available,Not Available,Not Available,Not Available,Not Available
Not Available,Not Available,Not Available,Not Available,Not Available
Not Available,Not Available,Not Available,Not Available,Not Available
Not Available,Not Available,Not Available,Not Available,Not Available
Not Available,Not Available,Not Available,Not Available,Not Available
Not Available,Not Available,Not Available,Not Available,Not Available
Not Available,Not Available,Not Available,Not Available,Not Available
The Lower Depths,2/6/2024 through 2/24/2024,Erickson Theatre,Theatre,Capitol Hill / Central District
The Lower Depths,2/6/2024 through 2/24/2024,Erickson Theatre,Theatre,Capitol Hill / Central District
Dan Brown Wild Symphony,2/24/2024,Benaroya Hall,Music,Downtown
Dan Brown Wild Symphony,2/24/2024,Benaroya Hall,Music,Downtown
Pink Sweat$,2/24/2024,The Showbox,Music,Downtown
Pink Sweat$,2/24/2024,The Showbox,Music,Downtown
Not Available,Not Available,Not Available,Not Available,Not Available
Seattle Kraken vs. Minnesota Wild,2/24/2024,Climate Pledge Arena,Sports,Queen Anne / Seattle Center
Seattle Kraken vs. Minnesota Wild,2/24/2024,Climate Pledge Arena,Sports,Queen Anne / Seattle Center
Small Island Big Song,2/24/2024,Meany Center for the Performing Arts,Music,University District
Small Island Big Song,2/24/2024,Meany Center for the Performing Arts,Music,University District
Born With Teeth,2/1/2024 through 2/25/2024,ArtsWest Playhouse and Gallery,Theatre,West Seattle
Born With Teeth,2/1/2024 through 2/25/2024,ArtsWest Playhouse and Gallery,Theatre,West Seattle
Not Available,Not Available,Not Available,Not Available,Not Available
"Once More, Just For You",2/5/2024 through 2/25/2024,Seattle Public Theater,Theatre,Wallingford / Greenlake
"Once More, Just For You",2/5/2024 through 2/25/2024,Seattle Public Theater,Theatre,Wallingford / Greenlake
Wintergrass Music Festival,2/22/2024 through 2/25/2024,Hyatt Regency Bellevue,Festivals & Special Events,Bellevue / Eastside
Wintergrass Music Festival,2/22/2024 through 2/25/2024,Hyatt Regency Bellevue,Festivals & Special Events,Bellevue / Eastside
Seattle Kraken vs. Boston Bruins,2/26/2024,Climate Pledge Arena,Sports,Queen Anne / Seattle Center
Seattle Kraken vs. Boston Bruins,2/26/2024,Climate Pledge Arena,Sports,Queen Anne / Seattle Center
Not Available,Not Available,Not Available,Not Available,Not Available
Not Available,Not Available,Not Available,Not Available,Not Available
Not Available,Not Available,Not Available,Not Available,Not Available
Not Available,Not Available,Not Available,Not Available,Not Available
Not Available,Not Available,Not Available,Not Available,Not Available
Not Available,Not Available,Not Available,Not Available,Not Available
Not Available,Not Available,Not Available,Not Available,Not Available
Not Available,Not Available,Not Available,Not Available,Not Available
Not Available,Not Available,Not Available,Not Available,Not Available
Not Available,Not Available,Not Available,Not Available,Not Available
Not Available,Not Available,Not Available,Not Available,Not Available
Not Available,Not Available,Not Available,Not Available,Not Available
Hunt for Sleeping Giants | National Geographic Live,2/25/2024 through 2/27/2024,Benaroya Hall,Readings & Lectures,Downtown
Hunt for Sleeping Giants | National Geographic Live,2/25/2024 through 2/27/2024,Benaroya Hall,Readings & Lectures,Downtown
Playboi Carti,2/28/2024,Climate Pledge Arena,Music,Queen Anne / Seattle Center
Playboi Carti,2/28/2024,Climate Pledge Arena,Music,Queen Anne / Seattle Center
Winter Brilliance,Now through 2/29/2024,Chihuly Garden and Glass,Museums,Queen Anne / Seattle Center
Winter Brilliance,Now through 2/29/2024,Chihuly Garden and Glass,Museums,Queen Anne / Seattle Center
Seattle Museum Month,2/1/2024 through 2/29/2024,Downtown Seattle,Museums,Downtown
Seattle Museum Month,2/1/2024 through 2/29/2024,Downtown Seattle,Museums,Downtown
Seattle Kraken vs. Pittsburgh Penguins,2/29/2024,Climate Pledge Arena,Sports,Queen Anne / Seattle Center
Seattle Kraken vs. Pittsburgh Penguins,2/29/2024,Climate Pledge Arena,Sports,Queen Anne / Seattle Center
The Human Family,2/29/2024,LANGSTON Seattle,Music,Capitol Hill / Central District
The Human Family,2/29/2024,LANGSTON Seattle,Music,Capitol Hill / Central District
Fall Out Boy,3/1/2024,Climate Pledge Arena,Readings & Lectures,Queen Anne / Seattle Center
Fall Out Boy,3/1/2024,Climate Pledge Arena,Readings & Lectures,Queen Anne / Seattle Center
Tacoma Stars vs. Harrisburg Heat,3/1/2024,accesso ShoWare Center,Sports,South
Tacoma Stars vs. Harrisburg Heat,3/1/2024,accesso ShoWare Center,Sports,South
Conrad Tao’s Playlist,3/1/2024 through 3/2/2024,Benaroya Hall,Music,Downtown
Conrad Tao’s Playlist,3/1/2024 through 3/2/2024,Benaroya Hall,Music,Downtown
Not Available,Not Available,Not Available,Not Available,Not Available
Not Available,Not Available,Not Available,Not Available,Not Available
Not Available,Not Available,Not Available,Not Available,Not Available
Not Available,Not Available,Not Available,Not Available,Not Available
Not Available,Not Available,Not Available,Not Available,Not Available
Not Available,Not Available,Not Available,Not Available,Not Available
Not Available,Not Available,Not Available,Not Available,Not Available
Not Available,Not Available,Not Available,Not Available,Not Available
Not Available,Not Available,Not Available,Not Available,Not Available
Not Available,Not Available,Not Available,Not Available,Not Available
Not Available,Not Available,Not Available,Not Available,Not Available
Not Available,Not Available,Not Available,Not Available,Not Available
Seattle Kraken vs. Edmonton Oilers,3/2/2024,Climate Pledge Arena,Sports,Queen Anne / Seattle Center
Seattle Kraken vs. Edmonton Oilers,3/2/2024,Climate Pledge Arena,Sports,Queen Anne / Seattle Center
Emerald City Comic Con,2/29/2024 through 3/3/2024,Seattle Convention Center,Festivals & Special Events,Downtown
Emerald City Comic Con,2/29/2024 through 3/3/2024,Seattle Convention Center,Festivals & Special Events,Downtown
Tacoma Stars vs. Harrisburg Heat,3/3/2024,accesso ShoWare Center,Music,South
Tacoma Stars vs. Harrisburg Heat,3/3/2024,accesso ShoWare Center,Music,South
Calidore Quartet & Abeo Quartet,3/8/2024,415 Westlake,Music,Queen Anne / Seattle Center
Calidore Quartet & Abeo Quartet,3/8/2024,415 Westlake,Music,Queen Anne / Seattle Center
Holding / Movement,3/8/2024,Benaroya Hall,Music,Downtown
Holding / Movement,3/8/2024,Benaroya Hall,Music,Downtown
Seattle Kraken vs. Winnipeg Jets,3/8/2024,Climate Pledge Arena,Sports,Queen Anne / Seattle Center
Seattle Kraken vs. Winnipeg Jets,3/8/2024,Climate Pledge Arena,Sports,Queen Anne / Seattle Center
X:The Life and Times of Malcolm X,2/24/2024 through 3/9/2024,Marion Oliver McCaw Hall,Music,Queen Anne / Seattle Center
X:The Life and Times of Malcolm X,2/24/2024 through 3/9/2024,Marion Oliver McCaw Hall,Music,Queen Anne / Seattle Center
Bach St. John Passion,3/7/2024 through 3/9/2024,Benaroya Hall,Music,Downtown
Bach St. John Passion,3/7/2024 through 3/9/2024,Benaroya Hall,Music,Downtown
Helene Grimaud,3/9/2024,Meany Center for the Performing Arts,Music,University District
Helene Grimaud,3/9/2024,Meany Center for the Performing Arts,Music,University District
Not Available,Not Available,Not Available,Not Available,Not Available
Not Available,Not Available,Not Available,Not Available,Not Available
Not Available,Not Available,Not Available,Not Available,Not Available
Not Available,Not Available,Not Available,Not Available,Not Available
Not Available,Not Available,Not Available,Not Available,Not Available
Not Available,Not Available,Not Available,Not Available,Not Available
Not Available,Not Available,Not Available,Not Available,Not Available
Not Available,Not Available,Not Available,Not Available,Not Available
Not Available,Not Available,Not Available,Not Available,Not Available
Not Available,Not Available,Not Available,Not Available,Not Available
Not Available,Not Available,Not Available,Not Available,Not Available
Not Available,Not Available,Not Available,Not Available,Not Available
Positive Fragmentation,Now through 3/10/2024,Bellevue Arts Museum,Museums,Bellevue / Eastside
Positive Fragmentation,Now through 3/10/2024,Bellevue Arts Museum,Museums,Bellevue / Eastside
Antonio M. Gomez: LINEAJES,Now through 3/10/2024,Frye Art Museum,Museums,Capitol Hill / Central District
Antonio M. Gomez: LINEAJES,Now through 3/10/2024,Frye Art Museum,Museums,Capitol Hill / Central District
Soren Solkaer: Sort Sol,Now through 3/10/2024,National Nordic Museum,Museums,Fremont / Ballard
Soren Solkaer: Sort Sol,Now through 3/10/2024,National Nordic Museum,Museums,Fremont / Ballard
Luchadora!,2/22/2024 through 3/10/2024,Seattle Children's Theatre,Theatre,Queen Anne / Seattle Center
Luchadora!,2/22/2024 through 3/10/2024,Seattle Children's Theatre,Theatre,Queen Anne / Seattle Center
Wild Cats Revealed | National Geographic Live,3/10/2024 through 3/12/2024,Benaroya Hall,Readings & Lectures,Downtown
Wild Cats Revealed | National Geographic Live,3/10/2024 through 3/12/2024,Benaroya Hall,Readings & Lectures,Downtown
Seattle Kraken vs. Vegas Golden Knights,3/12/2024,Climate Pledge Arena,Sports,Queen Anne / Seattle Center
Seattle Kraken vs. Vegas Golden Knights,3/12/2024,Climate Pledge Arena,Sports,Queen Anne / Seattle Center
Seattle Kraken vs. Washington Capitals,3/14/2024,Climate Pledge Arena,Sports,Queen Anne / Seattle Center
Seattle Kraken vs. Washington Capitals,3/14/2024,Climate Pledge Arena,Sports,Queen Anne / Seattle Center
Mark Morris Dance Group: The Look of Love,3/14/2024 through 3/16/2024,Meany Center for the Performing Arts,Music,University District
Mark Morris Dance Group: The Look of Love,3/14/2024 through 3/16/2024,Meany Center for the Performing Arts,Music,University District
Sibelius & Nielsen,3/14/2024 through 3/16/2024,Benaroya Hall,Music,Downtown
Sibelius & Nielsen,3/14/2024 through 3/16/2024,Benaroya Hall,Music,Downtown
Not Available,Not Available,Not Available,Not Available,Not Available
Not Available,Not Available,Not Available,Not Available,Not Available
Not Available,Not Available,Not Available,Not Available,Not Available
Not Available,Not Available,Not Available,Not Available,Not Available
Not Available,Not Available,Not Available,Not Available,Not Available
Not Available,Not Available,Not Available,Not Available,Not Available
Not Available,Not Available,Not Available,Not Available,Not Available
Not Available,Not Available,Not Available,Not Available,Not Available
Not Available,Not Available,Not Available,Not Available,Not Available
Not Available,Not Available,Not Available,Not Available,Not Available
Not Available,Not Available,Not Available,Not Available,Not Available
Not Available,Not Available,Not Available,Not Available,Not Available
Tacoma Stars vs. Chihuahua Savage,3/15/2024 through 3/16/2024,accesso ShoWare Center,Sports,South
Tacoma Stars vs. Chihuahua Savage,3/15/2024 through 3/16/2024,accesso ShoWare Center,Sports,South
Seattle Kraken vs. Nashville Predators,3/16/2024,Climate Pledge Arena,Sports,Queen Anne / Seattle Center
Seattle Kraken vs. Nashville Predators,3/16/2024,Climate Pledge Arena,Sports,Queen Anne / Seattle Center
Native Portraiture: Power and Perception,Now through 3/17/2024,Tacoma Art Museum,Museums,South
Native Portraiture: Power and Perception,Now through 3/17/2024,Tacoma Art Museum,Museums,South
Places to Call Home: Settlements in the West,Now through 3/17/2024,Tacoma Art Museum,Museums,South
Places to Call Home: Settlements in the West,Now through 3/17/2024,Tacoma Art Museum,Museums,South
Nobody Lives Here,Now through 3/17/2024,Wing Luke Museum,Museums,International District
Nobody Lives Here,Now through 3/17/2024,Wing Luke Museum,Museums,International District
Rootabaga Country,3/8/2024 through 3/17/2024,Opera Center,Music,Queen Anne / Seattle Center
Rootabaga Country,3/8/2024 through 3/17/2024,Opera Center,Music,Queen Anne / Seattle Center
Seattle Kraken vs. Buffalo Sabres,3/18/2024,Climate Pledge Arena,Sports,Queen Anne / Seattle Center
Seattle Kraken vs. Buffalo Sabres,3/18/2024,Climate Pledge Arena,Sports,Queen Anne / Seattle Center
Tacoma Stars vs. Empire Strykers,3/23/2024,accesso ShoWare Center,Sports,South
Tacoma Stars vs. Empire Strykers,3/23/2024,accesso ShoWare Center,Sports,South
Something’s Afoot,3/1/2024 through 3/24/2024,The 5th Avenue Theatre,Theatre,Downtown
Something’s Afoot,3/1/2024 through 3/24/2024,The 5th Avenue Theatre,Theatre,Downtown
Not Available,Not Available,Not Available,Not Available,Not Available
Not Available,Not Available,Not Available,Not Available,Not Available
Not Available,Not Available,Not Available,Not Available,Not Available
Not Available,Not Available,Not Available,Not Available,Not Available
Not Available,Not Available,Not Available,Not Available,Not Available
Not Available,Not Available,Not Available,Not Available,Not Available
Not Available,Not Available,Not Available,Not Available,Not Available
Not Available,Not Available,Not Available,Not Available,Not Available
Not Available,Not Available,Not Available,Not Available,Not Available
Not Available,Not Available,Not Available,Not Available,Not Available
Not Available,Not Available,Not Available,Not Available,Not Available
Not Available,Not Available,Not Available,Not Available,Not Available
One Thousand Pieces,3/15/2024 through 3/24/2024,Marion Oliver McCaw Hall,Dance,Queen Anne / Seattle Center
One Thousand Pieces,3/15/2024 through 3/24/2024,Marion Oliver McCaw Hall,Dance,Queen Anne / Seattle Center
Simon Trpceski Plays Tchaikovsky,3/21/2024 through 3/24/2024,Benaroya Hall,Music,Downtown
Simon Trpceski Plays Tchaikovsky,3/21/2024 through 3/24/2024,Benaroya Hall,Music,Downtown
Seattle Kraken vs. Montreal Canadiens,3/24/2024,Climate Pledge Arena,Sports,Queen Anne / Seattle Center
Seattle Kraken vs. Montreal Canadiens,3/24/2024,Climate Pledge Arena,Sports,Queen Anne / Seattle Center
Seattle Kraken vs. Anaheim Ducks,3/26/2024,Climate Pledge Arena,Sports,Queen Anne / Seattle Center
Seattle Kraken vs. Anaheim Ducks,3/26/2024,Climate Pledge Arena,Sports,Queen Anne / Seattle Center
Seattle Kraken vs. Anaheim Ducks,3/28/2024,Climate Pledge Arena,Sports,Queen Anne / Seattle Center
Seattle Kraken vs. Anaheim Ducks,3/28/2024,Climate Pledge Arena,Sports,Queen Anne / Seattle Center
Tim McGraw,3/29/2024,Climate Pledge Arena,Music,Queen Anne / Seattle Center
Tim McGraw,3/29/2024,Climate Pledge Arena,Music,Queen Anne / Seattle Center
Harold and the Purple Crayon,3/23/2024 through 3/30/2024,Marion Oliver McCaw Hall,Dance,Queen Anne / Seattle Center
Harold and the Purple Crayon,3/23/2024 through 3/30/2024,Marion Oliver McCaw Hall,Dance,Queen Anne / Seattle Center
Seattle Kraken vs. Dallas Stars,3/30/2024,Climate Pledge Arena,Sports,Queen Anne / Seattle Center
Seattle Kraken vs. Dallas Stars,3/30/2024,Climate Pledge Arena,Sports,Queen Anne / Seattle Center
Illuminate: Glass Art for Early Learners,Now through 3/31/2024,Museum of Glass,Museums,South
Illuminate: Glass Art for Early Learners,Now through 3/31/2024,Museum of Glass,Museums,South
Not Available,Not Available,Not Available,Not Available,Not Available
Not Available,Not Available,Not Available,Not Available,Not Available
Not Available,Not Available,Not Available,Not Available,Not Available
Not Available,Not Available,Not Available,Not Available,Not Available
Not Available,Not Available,Not Available,Not Available,Not Available
Not Available,Not Available,Not Available,Not Available,Not Available
Not Available,Not Available,Not Available,Not Available,Not Available
Not Available,Not Available,Not Available,Not Available,Not Available
Not Available,Not Available,Not Available,Not Available,Not Available
Not Available,Not Available,Not Available,Not Available,Not Available
Not Available,Not Available,Not Available,Not Available,Not Available
Not Available,Not Available,Not Available,Not Available,Not Available
Al Young’s 1970 Dodge Challenger Drag Racer,Now through 3/31/2024,Museum of History & Industry,Museums,Queen Anne / Seattle Center
Al Young’s 1970 Dodge Challenger Drag Racer,Now through 3/31/2024,Museum of History & Industry,Museums,Queen Anne / Seattle Center
Sanctuary City,3/1/2024 through 3/31/2024,Seattle Rep,Theatre,Queen Anne / Seattle Center
Sanctuary City,3/1/2024 through 3/31/2024,Seattle Rep,Theatre,Queen Anne / Seattle Center
Stew,3/15/2024 through 3/31/2024,ACT Theatre,Theatre,Downtown
Stew,3/15/2024 through 3/31/2024,ACT Theatre,Theatre,Downtown
Luis Miguel,4/4/2024,Climate Pledge Arena,Music,Queen Anne / Seattle Center
Luis Miguel,4/4/2024,Climate Pledge Arena,Music,Queen Anne / Seattle Center
Taylor Raven and Duke Kim in Recital,4/4/2024,Opera Center,Music,Queen Anne / Seattle Center
Taylor Raven and Duke Kim in Recital,4/4/2024,Opera Center,Music,Queen Anne / Seattle Center
Copland Appalachian Spring,4/4/2024 through 4/6/2024,Benaroya Hall,Music,Downtown
Copland Appalachian Spring,4/4/2024 through 4/6/2024,Benaroya Hall,Music,Downtown
La Vaughn Belle: A History of Unruly Returns,Now through 4/7/2024,National Nordic Museum,Museums,Fremont / Ballard
La Vaughn Belle: A History of Unruly Returns,Now through 4/7/2024,National Nordic Museum,Museums,Fremont / Ballard
Beetlejuice,4/2/2024 through 4/7/2024,The Paramount Theatre,Theatre,Downtown
Beetlejuice,4/2/2024 through 4/7/2024,The Paramount Theatre,Theatre,Downtown
Seattle Kraken vs. Arizona Coyotes,4/9/2024,Climate Pledge Arena,Sports,Queen Anne / Seattle Center
Seattle Kraken vs. Arizona Coyotes,4/9/2024,Climate Pledge Arena,Sports,Queen Anne / Seattle Center
Not Available,Not Available,Not Available,Not Available,Not Available
Not Available,Not Available,Not Available,Not Available,Not Available
Not Available,Not Available,Not Available,Not Available,Not Available
Not Available,Not Available,Not Available,Not Available,Not Available
Not Available,Not Available,Not Available,Not Available,Not Available
Not Available,Not Available,Not Available,Not Available,Not Available
Not Available,Not Available,Not Available,Not Available,Not Available
Not Available,Not Available,Not Available,Not Available,Not Available
Not Available,Not Available,Not Available,Not Available,Not Available
Not Available,Not Available,Not Available,Not Available,Not Available
Not Available,Not Available,Not Available,Not Available,Not Available
Not Available,Not Available,Not Available,Not Available,Not Available
Seattle Kraken vs. San Jose Sharks,4/11/2024,Climate Pledge Arena,Sports,Queen Anne / Seattle Center
Seattle Kraken vs. San Jose Sharks,4/11/2024,Climate Pledge Arena,Sports,Queen Anne / Seattle Center
The Percussion: Sounds from Home,4/12/2024 through 4/13/2024,Benaroya Hall,Music,Downtown
The Percussion: Sounds from Home,4/12/2024 through 4/13/2024,Benaroya Hall,Music,Downtown
Honoring 50 Years of Papunya Tula Painting,Now through 4/14/2024,Seattle Art Museum,Museums,Downtown
Honoring 50 Years of Papunya Tula Painting,Now through 4/14/2024,Seattle Art Museum,Museums,Downtown
The Moors,3/22/2024 through 4/14/2024,Seattle Public Theater,Theatre,Wallingford / Greenlake
The Moors,3/22/2024 through 4/14/2024,Seattle Public Theater,Theatre,Wallingford / Greenlake
Mahler Symphony No. 3,4/11/2024 through 4/14/2024,Benaroya Hall,Music,Downtown
Mahler Symphony No. 3,4/11/2024 through 4/14/2024,Benaroya Hall,Music,Downtown
Best of the Northwest Spring Show,4/13/2024 through 4/14/2024,Magnuson Park,Festivals & Special Events,University District
Best of the Northwest Spring Show,4/13/2024 through 4/14/2024,Magnuson Park,Festivals & Special Events,University District
An Evening with Jinjoo Cho,4/19/2024,415 Westlake,Music,Queen Anne / Seattle Center
An Evening with Jinjoo Cho,4/19/2024,415 Westlake,Music,Queen Anne / Seattle Center
Dvorak Symphony No. 6,4/18/2024 through 4/20/2024,Benaroya Hall,Music,Downtown
Dvorak Symphony No. 6,4/18/2024 through 4/20/2024,Benaroya Hall,Music,Downtown
The Seasons’ Canon,4/12/2024 through 4/21/2024,Marion Oliver McCaw Hall,Dance,Queen Anne / Seattle Center
The Seasons’ Canon,4/12/2024 through 4/21/2024,Marion Oliver McCaw Hall,Dance,Queen Anne / Seattle Center
Not Available,Not Available,Not Available,Not Available,Not Available
Not Available,Not Available,Not Available,Not Available,Not Available
Not Available,Not Available,Not Available,Not Available,Not Available
Not Available,Not Available,Not Available,Not Available,Not Available
Not Available,Not Available,Not Available,Not Available,Not Available
Not Available,Not Available,Not Available,Not Available,Not Available
Not Available,Not Available,Not Available,Not Available,Not Available
Not Available,Not Available,Not Available,Not Available,Not Available
Not Available,Not Available,Not Available,Not Available,Not Available
Not Available,Not Available,Not Available,Not Available,Not Available
Not Available,Not Available,Not Available,Not Available,Not Available
Not Available,Not Available,Not Available,Not Available,Not Available
DRUM TAO 30th Anniversary,4/22/2024,Benaroya Hall,Music,Downtown
DRUM TAO 30th Anniversary,4/22/2024,Benaroya Hall,Music,Downtown
Disney’s Aladdin,4/24/2024 through 4/28/2024,The Paramount Theatre,Theatre,Downtown
Disney’s Aladdin,4/24/2024 through 4/28/2024,The Paramount Theatre,Theatre,Downtown
Antarctic Symphony,4/25/2024 through 4/28/2024,Benaroya Hall,Music,Downtown
Antarctic Symphony,4/25/2024 through 4/28/2024,Benaroya Hall,Music,Downtown
Shine On Seattle,1/30/2024 through 4/29/2024,Pioneer Square,Festivals & Special Events,Pioneer Square
Shine On Seattle,1/30/2024 through 4/29/2024,Pioneer Square,Festivals & Special Events,Pioneer Square
Noah Geller’s Playlist,5/3/2024 through 5/4/2024,Benaroya Hall,Music,Downtown
Noah Geller’s Playlist,5/3/2024 through 5/4/2024,Benaroya Hall,Music,Downtown
Broadway Spectacular,5/4/2024,Cornish Playhouse at Seattle Center,Music,Queen Anne / Seattle Center
Broadway Spectacular,5/4/2024,Cornish Playhouse at Seattle Center,Music,Queen Anne / Seattle Center
Jessica Jackson Hutchins: Wrecked and Righteous,1/27/2024 through 5/5/2024,Frye Art Museum,Museums,Capitol Hill / Central District
Jessica Jackson Hutchins: Wrecked and Righteous,1/27/2024 through 5/5/2024,Frye Art Museum,Museums,Capitol Hill / Central District
The Lion Tells His Tale,5/1/2024 through 5/5/2024,Broadway Performance Hall,Theatre,Capitol Hill / Central District
The Lion Tells His Tale,5/1/2024 through 5/5/2024,Broadway Performance Hall,Theatre,Capitol Hill / Central District
"Guma’ Gela:  Part Land, Part Sea, All Ancestry",Now through 5/12/2024,Wing Luke Museum,Museums,International District
"Guma’ Gela:  Part Land, Part Sea, All Ancestry",Now through 5/12/2024,Wing Luke Museum,Museums,International District
Not Available,Not Available,Not Available,Not Available,Not Available
Not Available,Not Available,Not Available,Not Available,Not Available
Not Available,Not Available,Not Available,Not Available,Not Available
Not Available,Not Available,Not Available,Not Available,Not Available
Not Available,Not Available,Not Available,Not Available,Not Available
Not Available,Not Available,Not Available,Not Available,Not Available
Not Available,Not Available,Not Available,Not Available,Not Available
Not Available,Not Available,Not Available,Not Available,Not Available
Not Available,Not Available,Not Available,Not Available,Not Available
Not Available,Not Available,Not Available,Not Available,Not Available
Not Available,Not Available,Not Available,Not Available,Not Available
Not Available,Not Available,Not Available,Not Available,Not Available
Fat Ham,4/12/2024 through 5/12/2024,Seattle Rep,Theatre,Queen Anne / Seattle Center
Fat Ham,4/12/2024 through 5/12/2024,Seattle Rep,Theatre,Queen Anne / Seattle Center
A Tale of Peter Rabbit,4/25/2024 through 5/12/2024,Seattle Children's Theatre,Theatre,Queen Anne / Seattle Center
A Tale of Peter Rabbit,4/25/2024 through 5/12/2024,Seattle Children's Theatre,Theatre,Queen Anne / Seattle Center
The Lehman Trilogy,4/26/2024 through 5/12/2024,ACT Theatre,Theatre,Downtown
The Lehman Trilogy,4/26/2024 through 5/12/2024,ACT Theatre,Theatre,Downtown
The Untold Story of Sharks | National Geographic Live,5/12/2024 through 5/14/2024,Benaroya Hall,Readings & Lectures,Downtown
The Untold Story of Sharks | National Geographic Live,5/12/2024 through 5/14/2024,Benaroya Hall,Readings & Lectures,Downtown
Mother,5/17/2024,415 Westlake,Music,Queen Anne / Seattle Center
Mother,5/17/2024,415 Westlake,Music,Queen Anne / Seattle Center
Barber Violin Concerto,5/16/2024 through 5/18/2024,Benaroya Hall,Music,Downtown
Barber Violin Concerto,5/16/2024 through 5/18/2024,Benaroya Hall,Music,Downtown
The Barber of Seville,5/4/2024 through 5/24/2024,Marion Oliver McCaw Hall,Music,Queen Anne / Seattle Center
The Barber of Seville,5/4/2024 through 5/24/2024,Marion Oliver McCaw Hall,Music,Queen Anne / Seattle Center
Unriveled,5/10/2024 through 6/2/2024,Seattle Public Theater,Theatre,Wallingford / Greenlake
Unriveled,5/10/2024 through 6/2/2024,Seattle Public Theater,Theatre,Wallingford / Greenlake
George Balenchine’s Coppelia,5/31/2024 through 6/9/2024,Marion Oliver McCaw Hall,Dance,Queen Anne / Seattle Center
George Balenchine’s Coppelia,5/31/2024 through 6/9/2024,Marion Oliver McCaw Hall,Dance,Queen Anne / Seattle Center
Not Available,Not Available,Not Available,Not Available,Not Available
Not Available,Not Available,Not Available,Not Available,Not Available
Not Available,Not Available,Not Available,Not Available,Not Available
Not Available,Not Available,Not Available,Not Available,Not Available
Not Available,Not Available,Not Available,Not Available,Not Available
Not Available,Not Available,Not Available,Not Available,Not Available
Not Available,Not Available,Not Available,Not Available,Not Available
Not Available,Not Available,Not Available,Not Available,Not Available
Not Available,Not Available,Not Available,Not Available,Not Available
Not Available,Not Available,Not Available,Not Available,Not Available
Not Available,Not Available,Not Available,Not Available,Not Available
Not Available,Not Available,Not Available,Not Available,Not Available
Jan Lisiecki Plays Prokofiev,6/6/2024 through 6/9/2024,Benaroya Hall,Music,Downtown
Jan Lisiecki Plays Prokofiev,6/6/2024 through 6/9/2024,Benaroya Hall,Music,Downtown
Beethoven Symphony No. 5,6/13/2024 through 6/15/2024,Benaroya Hall,Music,Downtown
Beethoven Symphony No. 5,6/13/2024 through 6/15/2024,Benaroya Hall,Music,Downtown
Elizabeth Malaska: All Be Your Mirror,Now through 6/16/2024,Seattle Art Museum,Museums,Downtown
Elizabeth Malaska: All Be Your Mirror,Now through 6/16/2024,Seattle Art Museum,Museums,Downtown
Joshua Bell Plays Elements Concerto,6/20/2024 through 6/22/2024,Benaroya Hall,Music,Downtown
Joshua Bell Plays Elements Concerto,6/20/2024 through 6/22/2024,Benaroya Hall,Music,Downtown
"Together Again, Again!",5/31/2024 through 6/23/2024,Seattle Rep,Theatre,Queen Anne / Seattle Center
"Together Again, Again!",5/31/2024 through 6/23/2024,Seattle Rep,Theatre,Queen Anne / Seattle Center
Lip Sync for Our Rights,6/22/2024 through 6/23/2024,Marion Oliver McCaw Hall,Music,Queen Anne / Seattle Center
Lip Sync for Our Rights,6/22/2024 through 6/23/2024,Marion Oliver McCaw Hall,Music,Queen Anne / Seattle Center
Company,6/23/2024 through 6/28/2024,The Paramount Theatre,Music,Downtown
Company,6/23/2024 through 6/28/2024,The Paramount Theatre,Music,Downtown
2024 University of Washington MFA + MDes Thesis Exhibition,5/24/2024 through 6/30/2024,Henry Art Gallery,Museums,University District
2024 University of Washington MFA + MDes Thesis Exhibition,5/24/2024 through 6/30/2024,Henry Art Gallery,Museums,University District
Spring Awakening,6/7/2024 through 6/30/2024,The 5th Avenue Theatre,Theatre,Downtown
Spring Awakening,6/7/2024 through 6/30/2024,The 5th Avenue Theatre,Theatre,Downtown
Not Available,Not Available,Not Available,Not Available,Not Available
Not Available,Not Available,Not Available,Not Available,Not Available
Not Available,Not Available,Not Available,Not Available,Not Available
Not Available,Not Available,Not Available,Not Available,Not Available
Not Available,Not Available,Not Available,Not Available,Not Available
Not Available,Not Available,Not Available,Not Available,Not Available
Not Available,Not Available,Not Available,Not Available,Not Available
Not Available,Not Available,Not Available,Not Available,Not Available
Not Available,Not Available,Not Available,Not Available,Not Available
Not Available,Not Available,Not Available,Not Available,Not Available
Not Available,Not Available,Not Available,Not Available,Not Available
Not Available,Not Available,Not Available,Not Available,Not Available
Girl From The North Country,6/25/2024 through 6/30/2024,The Paramount Theatre,Music,Downtown
Girl From The North Country,6/25/2024 through 6/30/2024,The Paramount Theatre,Music,Downtown
Nordic Utopia: African Americans in the 20th Century,3/22/2024 through 7/21/2024,National Nordic Museum,Museums,Fremont / Ballard
Nordic Utopia: African Americans in the 20th Century,3/22/2024 through 7/21/2024,National Nordic Museum,Museums,Fremont / Ballard
Clue,7/9/2024 through 7/21/2024,The 5th Avenue Theatre,Theatre,Downtown
Clue,7/9/2024 through 7/21/2024,The 5th Avenue Theatre,Theatre,Downtown
"Be Water, My Friend: The Teachings Of Bruce Lee",Now through 7/28/2024,Wing Luke Museum,Museums,International District
"Be Water, My Friend: The Teachings Of Bruce Lee",Now through 7/28/2024,Wing Luke Museum,Museums,International District
Olivia Rodrigo,8/6/2024 through 8/7/2024,Climate Pledge Arena,Music,Queen Anne / Seattle Center
Olivia Rodrigo,8/6/2024 through 8/7/2024,Climate Pledge Arena,Music,Queen Anne / Seattle Center
Hidden Worlds: The Films of LAIKA,Now through 8/31/2024,MoPOP Museum of Pop Culture,Museums,Queen Anne / Seattle Center
Hidden Worlds: The Films of LAIKA,Now through 8/31/2024,MoPOP Museum of Pop Culture,Museums,Queen Anne / Seattle Center
Sound Check! The Music We Make,Now through 9/14/2024,Wing Luke Museum,Museums,International District
Sound Check! The Music We Make,Now through 9/14/2024,Wing Luke Museum,Museums,International District
Raul de Nieves,Now through 9/30/2024,Henry Art Gallery,Museums,University District
Raul de Nieves,Now through 9/30/2024,Henry Art Gallery,Museums,University District
Frye Salon,Now through 10/27/2024,Frye Art Museum,Museums,Capitol Hill / Central District
Frye Salon,Now through 10/27/2024,Frye Art Museum,Museums,Capitol Hill / Central District
Not Available,Not Available,Not Available,Not Available,Not Available
Not Available,Not Available,Not Available,Not Available,Not Available
Not Available,Not Available,Not Available,Not Available,Not Available
Not Available,Not Available,Not Available,Not Available,Not Available
Not Available,Not Available,Not Available,Not Available,Not Available
Not Available,Not Available,Not Available,Not Available,Not Available
Not Available,Not Available,Not Available,Not Available,Not Available
Not Available,Not Available,Not Available,Not Available,Not Available
Not Available,Not Available,Not Available,Not Available,Not Available
Not Available,Not Available,Not Available,Not Available,Not Available
Not Available,Not Available,Not Available,Not Available,Not Available
Not Available,Not Available,Not Available,Not Available,Not Available
On Native Land: Landscapes from the Haub Family Collection,Now through 11/17/2024,Tacoma Art Museum,Museums,South
On Native Land: Landscapes from the Haub Family Collection,Now through 11/17/2024,Tacoma Art Museum,Museums,South
Washi Transformed New Expressions in Japanese Paper,2/2/2024 through 4/26/2026,Bellevue Arts Museum,Museums,Bellevue / Eastside
Washi Transformed New Expressions in Japanese Paper,2/2/2024 through 4/26/2026,Bellevue Arts Museum,Museums,Bellevue / Eastside
Explore The Market,Ongoing,Pike Place Market,Festivals & Special Events,Downtown
Explore The Market,Ongoing,Pike Place Market,Festivals & Special Events,Downtown
Olympic Sculpture Park,Ongoing,Olympic Sculpture Park,Visual Arts & Galleries,Downtown
Olympic Sculpture Park,Ongoing,Olympic Sculpture Park,Visual Arts & Galleries,Downtown
Infinite Worlds of Science Fiction,Ongoing,MoPOP Museum of Pop Culture,Museums,Queen Anne / Seattle Center
Infinite Worlds of Science Fiction,Ongoing,MoPOP Museum of Pop Culture,Museums,Queen Anne / Seattle Center
"Wild Blue Angel: Hendrix Abroad, 1966-70",Ongoing,MoPOP Museum of Pop Culture,Museums,Queen Anne / Seattle Center
"Wild Blue Angel: Hendrix Abroad, 1966-70",Ongoing,MoPOP Museum of Pop Culture,Museums,Queen Anne / Seattle Center
John Grade: Middle Fork,Ongoing,Seattle Art Museum,Museums,Downtown
John Grade: Middle Fork,Ongoing,Seattle Art Museum,Museums,Downtown
Scared to Death: The Thrill of Horror Film,Ongoing,MoPOP Museum of Pop Culture,Museums,Queen Anne / Seattle Center
Scared to Death: The Thrill of Horror Film,Ongoing,MoPOP Museum of Pop Culture,Museums,Queen Anne / Seattle Center
Nirvana: Taking Punk To the Masses,Ongoing,MoPOP Museum of Pop Culture,Museums,Queen Anne / Seattle Center
Nirvana: Taking Punk To the Masses,Ongoing,MoPOP Museum of Pop Culture,Museums,Queen Anne / Seattle Center
Not Available,Not Available,Not Available,Not Available,Not Available
Not Available,Not Available,Not Available,Not Available,Not Available
Not Available,Not Available,Not Available,Not Available,Not Available
Not Available,Not Available,Not Available,Not Available,Not Available
Not Available,Not Available,Not Available,Not Available,Not Available
Not Available,Not Available,Not Available,Not Available,Not Available
Not Available,Not Available,Not Available,Not Available,Not Available
Not Available,Not Available,Not Available,Not Available,Not Available
Not Available,Not Available,Not Available,Not Available,Not Available
Not Available,Not Available,Not Available,Not Available,Not Available
Not Available,Not Available,Not Available,Not Available,Not Available
Not Available,Not Available,Not Available,Not Available,Not Available
Vietnam Divided: War Above Southeast Asia,Ongoing,The Museum of Flight,Museums,South Seattle
Vietnam Divided: War Above Southeast Asia,Ongoing,The Museum of Flight,Museums,South Seattle
Science Fiction and Fantasy Hall of Fame,Ongoing,MoPOP Museum of Pop Culture,Museums,Queen Anne / Seattle Center
Science Fiction and Fantasy Hall of Fame,Ongoing,MoPOP Museum of Pop Culture,Museums,Queen Anne / Seattle Center
Cambodian Cultural Museum and Killing Fields Memorial,Ongoing,Wing Luke Museum,Museums,International District
Cambodian Cultural Museum and Killing Fields Memorial,Ongoing,Wing Luke Museum,Museums,International District
Honoring Our Journey,Ongoing,Wing Luke Museum,Museums,International District
Honoring Our Journey,Ongoing,Wing Luke Museum,Museums,International District
Spotlight on Dale Chihuly: Works from Museum of Glass Permanent Collection,Ongoing,Museum of Glass,Museums,South
Spotlight on Dale Chihuly: Works from Museum of Glass Permanent Collection,Ongoing,Museum of Glass,Museums,South
Great Hall of Washington History,Ongoing,Washington State History Museum,Museums,South
Great Hall of Washington History,Ongoing,Washington State History Museum,Museums,South
Humboldt Penguin Exhibit,Ongoing,Woodland Park Zoo,Museums,Wallingford / Greenlake
Humboldt Penguin Exhibit,Ongoing,Woodland Park Zoo,Museums,Wallingford / Greenlake
Giant Pacific Octopus,Ongoing,Seattle Aquarium,Museums,Downtown
Giant Pacific Octopus,Ongoing,Seattle Aquarium,Museums,Downtown
Meet our Marine Mammals,Ongoing,Seattle Aquarium,Museums,Downtown
Meet our Marine Mammals,Ongoing,Seattle Aquarium,Museums,Downtown
Not Available,Not Available,Not Available,Not Available,Not Available
Not Available,Not Available,Not Available,Not Available,Not Available
Not Available,Not Available,Not Available,Not Available,Not Available
Not Available,Not Available,Not Available,Not Available,Not Available
Not Available,Not Available,Not Available,Not Available,Not Available
Not Available,Not Available,Not Available,Not Available,Not Available
Not Available,Not Available,Not Available,Not Available,Not Available
Not Available,Not Available,Not Available,Not Available,Not Available
Not Available,Not Available,Not Available,Not Available,Not Available
Not Available,Not Available,Not Available,Not Available,Not Available
Not Available,Not Available,Not Available,Not Available,Not Available
Not Available,Not Available,Not Available,Not Available,Not Available
Window on Washington Waters,Ongoing,Seattle Aquarium,Museums,Downtown
Window on Washington Waters,Ongoing,Seattle Aquarium,Museums,Downtown
Guitar Gallery,Ongoing,MoPOP Museum of Pop Culture,Museums,Queen Anne / Seattle Center
Guitar Gallery,Ongoing,MoPOP Museum of Pop Culture,Museums,Queen Anne / Seattle Center
Nordic Journeys,Ongoing,National Nordic Museum,Museums,Fremont / Ballard
Nordic Journeys,Ongoing,National Nordic Museum,Museums,Fremont / Ballard
Baird’s beaked whale,Ongoing,Burke Museum,Museums,University District
Baird’s beaked whale,Ongoing,Burke Museum,Museums,University District
Amazing Life,Ongoing,Burke Museum,Museums,University District
Amazing Life,Ongoing,Burke Museum,Museums,University District
Culture is Living,Ongoing,Burke Museum,Museums,University District
Culture is Living,Ongoing,Burke Museum,Museums,University District
Fossils Uncovered,Ongoing,Burke Museum,Museums,University District
Fossils Uncovered,Ongoing,Burke Museum,Museums,University District
Northwest Native Art,Ongoing,Burke Museum,Museums,University District
Northwest Native Art,Ongoing,Burke Museum,Museums,University District
Our Material World,Ongoing,Burke Museum,Museums,University District
Our Material World,Ongoing,Burke Museum,Museums,University District
Not Available,Not Available,Not Available,Not Available,Not Available
Not Available,Not Available,Not Available,Not Available,Not Available
Not Available,Not Available,Not Available,Not Available,Not Available
Not Available,Not Available,Not Available,Not Available,Not Available
Not Available,Not Available,Not Available,Not Available,Not Available
Not Available,Not Available,Not Available,Not Available,Not Available
Not Available,Not Available,Not Available,Not Available,Not Available
Not Available,Not Available,Not Available,Not Available,Not Available
Not Available,Not Available,Not Available,Not Available,Not Available
Not Available,Not Available,Not Available,Not Available,Not Available
Not Available,Not Available,Not Available,Not Available,Not Available
Not Available,Not Available,Not Available,Not Available,Not Available
Apollo,Ongoing,The Museum of Flight,Museums,South Seattle
Apollo,Ongoing,The Museum of Flight,Museums,South Seattle
Art and Life Along the Northwest Coast,Ongoing,Seattle Art Museum,Museums,Downtown
Art and Life Along the Northwest Coast,Ongoing,Seattle Art Museum,Museums,Downtown
Washington: My Home,Ongoing,Washington State History Museum,Museums,South
Washington: My Home,Ongoing,Washington State History Museum,Museums,South
Sensory-Friendly Programs,Ongoing,MoPOP Museum of Pop Culture,Festivals & Special Events,Queen Anne / Seattle Center
Sensory-Friendly Programs,Ongoing,MoPOP Museum of Pop Culture,Festivals & Special Events,Queen Anne / Seattle Center
Dale Chihuly at Tacoma Art Museum,Ongoing,Tacoma Art Museum,Museums,South
Dale Chihuly at Tacoma Art Museum,Ongoing,Tacoma Art Museum,Museums,South
Be/longing: Contemporary Asian Art,Ongoing,Seattle Asian Art Museum,Museums,Capitol Hill / Central District
Be/longing: Contemporary Asian Art,Ongoing,Seattle Asian Art Museum,Museums,Capitol Hill / Central District
Porcelain Room,Ongoing,Seattle Art Museum,Museums,Downtown
Porcelain Room,Ongoing,Seattle Art Museum,Museums,Downtown
Life on the Edge,Ongoing,Seattle Aquarium,Museums,Downtown
Life on the Edge,Ongoing,Seattle Aquarium,Museums,Downtown
Tropical Pacific,Ongoing,Seattle Aquarium,Museums,Downtown
Tropical Pacific,Ongoing,Seattle Aquarium,Museums,Downtown
Not Available,Not Available,Not Available,Not Available,Not Available
Not Available,Not Available,Not Available,Not Available,Not Available
Not Available,Not Available,Not Available,Not Available,Not Available
Not Available,Not Available,Not Available,Not Available,Not Available
Not Available,Not Available,Not Available,Not Available,Not Available
Not Available,Not Available,Not Available,Not Available,Not Available
Not Available,Not Available,Not Available,Not Available,Not Available
Not Available,Not Available,Not Available,Not Available,Not Available
Not Available,Not Available,Not Available,Not Available,Not Available
Not Available,Not Available,Not Available,Not Available,Not Available
Not Available,Not Available,Not Available,Not Available,Not Available
Not Available,Not Available,Not Available,Not Available,Not Available
Underwater Dome,Ongoing,Seattle Aquarium,Museums,Downtown
Underwater Dome,Ongoing,Seattle Aquarium,Museums,Downtown
Meet the Animals,Ongoing,Woodland Park Zoo,Museums,Wallingford / Greenlake
Meet the Animals,Ongoing,Woodland Park Zoo,Museums,Wallingford / Greenlake
Chihuly Garden and Glass,Ongoing,Chihuly Garden and Glass,Museums,Queen Anne / Seattle Center
Chihuly Garden and Glass,Ongoing,Chihuly Garden and Glass,Museums,Queen Anne / Seattle Center
Discover Ancient Coast Salish Culture,Ongoing,Hibulb Cultural Center,Museums,North
Discover Ancient Coast Salish Culture,Ongoing,Hibulb Cultural Center,Museums,North
Savor Seattle Signature Tour: Pike Place Market,Ongoing,Pike Place Market,Tours & Attractions,Downtown
Savor Seattle Signature Tour: Pike Place Market,Ongoing,Pike Place Market,Tours & Attractions,Downtown
Untold Stories: World War II at 75,Ongoing,The Museum of Flight,Museums,South Seattle
Untold Stories: World War II at 75,Ongoing,The Museum of Flight,Museums,South Seattle
Bezos Center for Innovation,Ongoing,Museum of History & Industry,Museums,Queen Anne / Seattle Center
Bezos Center for Innovation,Ongoing,Museum of History & Industry,Museums,Queen Anne / Seattle Center
Maritime Seattle,Ongoing,Museum of History & Industry,Museums,Queen Anne / Seattle Center
Maritime Seattle,Ongoing,Museum of History & Industry,Museums,Queen Anne / Seattle Center
True Northwest: The Seattle Journey,Ongoing,Museum of History & Industry,Museums,Queen Anne / Seattle Center
True Northwest: The Seattle Journey,Ongoing,Museum of History & Industry,Museums,Queen Anne / Seattle Center
Not Available,Not Available,Not Available,Not Available,Not Available
Not Available,Not Available,Not Available,Not Available,Not Available
Not Available,Not Available,Not Available,Not Available,Not Available
Not Available,Not Available,Not Available,Not Available,Not Available
Not Available,Not Available,Not Available,Not Available,Not Available
Not Available,Not Available,Not Available,Not Available,Not Available
Not Available,Not Available,Not Available,Not Available,Not Available
Not Available,Not Available,Not Available,Not Available,Not Available
Not Available,Not Available,Not Available,Not Available,Not Available
Not Available,Not Available,Not Available,Not Available,Not Available
Not Available,Not Available,Not Available,Not Available,Not Available
Not Available,Not Available,Not Available,Not Available,Not Available
Metaphor into Form: Art in the Era of the Pilchuck Glass School,Ongoing,Tacoma Art Museum,Museums,South
Metaphor into Form: Art in the Era of the Pilchuck Glass School,Ongoing,Tacoma Art Museum,Museums,South
Winter in the West,Ongoing,Tacoma Art Museum,Museums,South
Winter in the West,Ongoing,Tacoma Art Museum,Museums,South
Ballard Farmers Market – Sunday,Ongoing,Ballard Farmers Market,Festivals & Special Events,Fremont / Ballard
Ballard Farmers Market – Sunday,Ongoing,Ballard Farmers Market,Festivals & Special Events,Fremont / Ballard
Capitol Hill Farmers Market – Sunday,Ongoing,Capitol Hill Farmers Market,Festivals & Special Events,Capitol Hill / Central District
Capitol Hill Farmers Market – Sunday,Ongoing,Capitol Hill Farmers Market,Festivals & Special Events,Capitol Hill / Central District
University District Farmers Market,Ongoing,University District Farmers Market,Festivals & Special Events,University District
University District Farmers Market,Ongoing,University District Farmers Market,Festivals & Special Events,University District
Fremont Sunday Market,Ongoing,Fremont Farmers Market,Festivals & Special Events,Fremont / Ballard
Fremont Sunday Market,Ongoing,Fremont Farmers Market,Festivals & Special Events,Fremont / Ballard
Chihuly Garden and Glass Gallery Talks & Tours,Ongoing,Chihuly Garden and Glass,Tours & Attractions,Queen Anne / Seattle Center
Chihuly Garden and Glass Gallery Talks & Tours,Ongoing,Chihuly Garden and Glass,Tours & Attractions,Queen Anne / Seattle Center
Not Available,Not Available,Not Available,Not Available,Not Available
Boundless: Stories of Asian Art,Ongoing,Seattle Asian Art Museum,Museums,Capitol Hill / Central District
Boundless: Stories of Asian Art,Ongoing,Seattle Asian Art Museum,Museums,Capitol Hill / Central District
Kenzan Tsutakawa-Chinn: Gather,Ongoing,Seattle Asian Art Museum,Museums,Capitol Hill / Central District
Kenzan Tsutakawa-Chinn: Gather,Ongoing,Seattle Asian Art Museum,Museums,Capitol Hill / Central District
Not Available,Not Available,Not Available,Not Available,Not Available
Not Available,Not Available,Not Available,Not Available,Not Available
Not Available,Not Available,Not Available,Not Available,Not Available
Not Available,Not Available,Not Available,Not Available,Not Available
Not Available,Not Available,Not Available,Not Available,Not Available
Not Available,Not Available,Not Available,Not Available,Not Available
Not Available,Not Available,Not Available,Not Available,Not Available
Not Available,Not Available,Not Available,Not Available,Not Available
Not Available,Not Available,Not Available,Not Available,Not Available
Not Available,Not Available,Not Available,Not Available,Not Available
Not Available,Not Available,Not Available,Not Available,Not Available
Art Walk Edmonds | Every Third Thursday,Ongoing,Cascadia Art Museum,Visual Arts & Galleries,North
Art Walk Edmonds | Every Third Thursday,Ongoing,Cascadia Art Museum,Visual Arts & Galleries,North
Rise Up: Stonewall and the LGBTQ Rights Movement,Ongoing,MoPOP Museum of Pop Culture,Museums,Queen Anne / Seattle Center
Rise Up: Stonewall and the LGBTQ Rights Movement,Ongoing,MoPOP Museum of Pop Culture,Museums,Queen Anne / Seattle Center
Show Me Seattle Tours,Ongoing,"Seattle, WA",Tours & Attractions,Downtown
Show Me Seattle Tours,Ongoing,"Seattle, WA",Tours & Attractions,Downtown
LeMay – America’s Car Museum,Ongoing,LeMay - America's Car Museum,Museums,South
LeMay – America’s Car Museum,Ongoing,LeMay - America's Car Museum,Museums,South
History Link Tours,Ongoing,"Seattle, WA",Tours & Attractions,Downtown
History Link Tours,Ongoing,"Seattle, WA",Tours & Attractions,Downtown
West Seattle Farmers Market – Sundays,Ongoing,West Seattle Farmers Market,Festivals & Special Events,West Seattle
West Seattle Farmers Market – Sundays,Ongoing,West Seattle Farmers Market,Festivals & Special Events,West Seattle
REMEMBRANCE: The Legacy of Executive Order 9066 in Washington State,Ongoing,Washington State History Museum,Museums,South
REMEMBRANCE: The Legacy of Executive Order 9066 in Washington State,Ongoing,Washington State History Museum,Museums,South
Pioneer Square First Thursday Art Walk,Ongoing,Pioneer Square,Visual Arts & Galleries,Pioneer Square
Pioneer Square First Thursday Art Walk,Ongoing,Pioneer Square,Visual Arts & Galleries,Pioneer Square
Deities and Demons: Supernatural in Japanese Art,Ongoing,Seattle Art Museum,Museums,Downtown
Deities and Demons: Supernatural in Japanese Art,Ongoing,Seattle Art Museum,Museums,Downtown
Not Available,Not Available,Not Available,Not Available,Not Available
Not Available,Not Available,Not Available,Not Available,Not Available
Not Available,Not Available,Not Available,Not Available,Not Available
Not Available,Not Available,Not Available,Not Available,Not Available
Not Available,Not Available,Not Available,Not Available,Not Available
Not Available,Not Available,Not Available,Not Available,Not Available
Not Available,Not Available,Not Available,Not Available,Not Available
Not Available,Not Available,Not Available,Not Available,Not Available
Not Available,Not Available,Not Available,Not Available,Not Available
Not Available,Not Available,Not Available,Not Available,Not Available
Not Available,Not Available,Not Available,Not Available,Not Available
American Art: The Stories We Carry,Ongoing,Seattle Art Museum,Museums,Downtown
American Art: The Stories We Carry,Ongoing,Seattle Art Museum,Museums,Downtown
Pacific Species,Ongoing,Seattle Art Museum,Museums,Downtown
Pacific Species,Ongoing,Seattle Art Museum,Museums,Downtown
Reverberations: Contemporary Art and Modern Classics,Ongoing,Seattle Art Museum,Museums,Downtown
Reverberations: Contemporary Art and Modern Classics,Ongoing,Seattle Art Museum,Museums,Downtown
75 Years of Porsche,Ongoing,LeMay - America's Car Museum,Museums,South
75 Years of Porsche,Ongoing,LeMay - America's Car Museum,Museums,South
Manazma Sheen,Ongoing,Sea Monster Lounge,Music,Wallingford / Greenlake
Manazma Sheen,Ongoing,Sea Monster Lounge,Music,Wallingford / Greenlake
Not Available,Not Available,Not Available,Not Available,Not Available
Not Available,Not Available,Not Available,Not Available,Not Available
Not Available,Not Available,Not Available,Not Available,Not Available
Not Available,Not Available,Not Available,Not Available,Not Available
Not Available,Not Available,Not Available,Not Available,Not Available
Not Available,Not Available,Not Available,Not Available,Not Available
Not Available,Not Available,Not Available,Not Available,Not Available
Not Available,Not Available,Not Available,Not Available,Not Available
Not Available,Not Available,Not Available,Not Available,Not Available
Not Available,Not Available,Not Available,Not Available,Not Available
Not Available,Not Available,Not Available,Not Available,Not Available
Not Available,Not Available,Not Available,Not Available,Not Available
Not Available,Not Available,Not Available,Not Available,Not Available
Not Available,Not Available,Not Available,Not Available,Not Available
Not Available,Not Available,Not Available,Not Available,Not Available
Not Available,Not Available,Not Available,Not Available,Not Available
Not Available,Not Available,Not Available,Not Available,Not Available
Not Available,Not Available,Not Available,Not Available,Not Available
